Event Number,City,Event Name,Latitude,Longitude,Popularity,Start Date,Start Time,Venue
1,"Shreveport, LA, US","Garth Brooks with Trisha Yearwood at Hirsch Memorial Coliseum (December 7, 1991)",32.4744278,-93.7886188,0.072725,1991-12-07,None,Hirsch Memorial Coliseum
2,"Champaign, IL, US","Garth Brooks with Martina McBride at State Farm Center (September 11, 1992)",40.09626,-88.23608,0.052756,1992-09-11,None,State Farm Center
3,"Sacramento, CA, US","Garth Brooks with Stephanie Davis at Sleep Train Arena (August 13, 1993)",38.648005,-121.517077,0.074998,1993-08-13,None,Sleep Train Arena
4,"Miami, FL, US","Garth Brooks at Miami Arena (April 20, 1996)",25.805128,-80.194311,0.074998,1996-04-20,None,Miami Arena
5,"Portland, OR, US","Garth Brooks at Rose Garden Arena (July 27, 1996)",45.531608,-122.667285,0.074998,1996-07-27,None,Rose Garden Arena
6,"Cincinnati, OH, US","Garth Brooks at Riverfront Coliseum (November 13, 1996)",39.0980677,-84.5043575,0.072725,1996-11-13,None,Riverfront Coliseum
7,"Cincinnati, OH, US","Garth Brooks at Riverfront Coliseum (November 14, 1996)",39.0980677,-84.5043575,0.072725,1996-11-14,None,Riverfront Coliseum
8,"Cincinnati, OH, US","Garth Brooks at Riverfront Coliseum (November 15, 1996)",39.0980677,-84.5043575,0.072725,1996-11-15,None,Riverfront Coliseum
9,"Cincinnati, OH, US","Garth Brooks at Riverfront Coliseum (November 16, 1996)",39.0980677,-84.5043575,0.072725,1996-11-16,None,Riverfront Coliseum
10,"Cincinnati, OH, US","Garth Brooks at Riverfront Coliseum (November 17, 1996)",39.0980677,-84.5043575,0.072725,1996-11-17,None,Riverfront Coliseum
11,"Fresno, CA, US","Garth Brooks at Selland Arena, Fresno Convention Center (August 25, 1997)",36.73345,-119.784214,0.074998,1997-08-25,None,"Selland Arena, Fresno Convention Center"
12,"Rosemont, IL, US","Garth Brooks at Allstate Arena (October 21, 1997)",42.0047854,-87.8878325,0.073672,1997-10-21,None,Allstate Arena
13,"Tampa, FL, US","Garth Brooks with Trisha Yearwood at Ice Palace (October 30, 1998)",27.950575,-82.4571776,0.073061,1998-10-30,None,Ice Palace
14,"Washington, DC, US",Equality Rocks 2000,39.72547,-105.0080598,0.099289,2000-04-29,None,Unknown venue
15,"New York, NY, US","Stevie Wonder with Aretha Franklin, Santana, Joss Stone, and 7 more… at Radio City Music Hall (September 18, 2007)",40.760114,-73.980024,0.361483,2007-09-18,17:00:00,Radio City Music Hall
16,"Kansas City, MO, US","Garth Brooks with Trisha Yearwood at Sprint Center (November 12, 2007)",39.0971547,-94.5810277,0.071725,2007-11-12,18:30:00,Sprint Center
17,"Los Angeles, CA, US","Garth Brooks at Staples Center (January 26, 2008)",34.042984,-118.2668182,0.071725,2008-01-26,22:00:00,Staples Center
18,"Washington, DC, US",We Are One 2009,39.72547,-105.0080598,0.887631,2009-01-18,None,Unknown venue
19,"Las Vegas, NV, US","Garth Brooks at Encore Theatre, Wynn Las Vegas (February 27, 2009)",36.1038329,-114.9346083,0.069404,2009-02-27,None,"Encore Theatre, Wynn Las Vegas"
20,"Las Vegas, NV, US","Garth Brooks at Encore Theatre, Wynn Las Vegas (February 12, 2010)",36.1038329,-114.9346083,0.069404,2010-02-12,20:00:00,"Encore Theatre, Wynn Las Vegas"
21,"Las Vegas, NV, US","Garth Brooks at Encore Theatre, Wynn Las Vegas (February 13, 2010)",36.1038329,-114.9346083,0.069404,2010-02-13,20:00:00,"Encore Theatre, Wynn Las Vegas"
22,"Las Vegas, NV, US","Garth Brooks at Encore Theatre, Wynn Las Vegas (February 14, 2010)",36.1038329,-114.9346083,0.069404,2010-02-14,20:00:00,"Encore Theatre, Wynn Las Vegas"
23,"Las Vegas, NV, US","Garth Brooks at Encore Theatre, Wynn Las Vegas (February 26, 2010)",36.1038329,-114.9346083,0.069404,2010-02-26,20:00:00,"Encore Theatre, Wynn Las Vegas"
24,"Las Vegas, NV, US","Garth Brooks at Encore Theatre, Wynn Las Vegas (February 27, 2010)",36.1038329,-114.9346083,0.069404,2010-02-27,20:00:00,"Encore Theatre, Wynn Las Vegas"
25,"Las Vegas, NV, US","Garth Brooks at Encore Theatre, Wynn Las Vegas (February 28, 2010)",36.1038329,-114.9346083,0.069404,2010-02-28,20:00:00,"Encore Theatre, Wynn Las Vegas"
26,"Las Vegas, NV, US","Garth Brooks at Encore Theatre, Wynn Las Vegas (March 26, 2010)",36.1038329,-114.9346083,0.069404,2010-03-26,None,"Encore Theatre, Wynn Las Vegas"
27,"Las Vegas, NV, US","Garth Brooks at Encore Theatre, Wynn Las Vegas (March 27, 2010)",36.1038329,-114.9346083,0.069404,2010-03-27,None,"Encore Theatre, Wynn Las Vegas"
28,"Las Vegas, NV, US","Garth Brooks at Encore Theatre, Wynn Las Vegas (March 28, 2010)",36.1038329,-114.9346083,0.069404,2010-03-28,None,"Encore Theatre, Wynn Las Vegas"
29,"Las Vegas, NV, US","Garth Brooks at Encore Theatre, Wynn Las Vegas (April 9, 2010)",36.1038329,-114.9346083,0.069404,2010-04-09,22:30:00,"Encore Theatre, Wynn Las Vegas"
30,"Las Vegas, NV, US","Garth Brooks at Encore Theatre, Wynn Las Vegas (April 10, 2010)",36.1038329,-114.9346083,0.069404,2010-04-10,None,"Encore Theatre, Wynn Las Vegas"
31,"Las Vegas, NV, US","Garth Brooks at Encore Theatre, Wynn Las Vegas (April 11, 2010)",36.1038329,-114.9346083,0.069404,2010-04-11,None,"Encore Theatre, Wynn Las Vegas"
32,"Las Vegas, NV, US","Garth Brooks at Encore Theatre, Wynn Las Vegas (June 25, 2010)",36.1038329,-114.9346083,0.069404,2010-06-25,None,"Encore Theatre, Wynn Las Vegas"
33,"Las Vegas, NV, US","Garth Brooks at Encore Theatre, Wynn Las Vegas (June 26, 2010)",36.1038329,-114.9346083,0.069404,2010-06-26,None,"Encore Theatre, Wynn Las Vegas"
34,"Las Vegas, NV, US","Garth Brooks at Encore Theatre, Wynn Las Vegas (June 27, 2010)",36.1038329,-114.9346083,0.069404,2010-06-27,20:00:00,"Encore Theatre, Wynn Las Vegas"
35,"Las Vegas, NV, US","Garth Brooks at Encore Theatre, Wynn Las Vegas (July 16, 2010)",36.1038329,-114.9346083,0.069404,2010-07-16,20:00:00,"Encore Theatre, Wynn Las Vegas"
36,"Las Vegas, NV, US","Garth Brooks at Encore Theatre, Wynn Las Vegas (July 17, 2010)",36.1038329,-114.9346083,0.069404,2010-07-17,None,"Encore Theatre, Wynn Las Vegas"
37,"Las Vegas, NV, US","Garth Brooks at Encore Theatre, Wynn Las Vegas (July 18, 2010)",36.1038329,-114.9346083,0.069404,2010-07-18,20:00:00,"Encore Theatre, Wynn Las Vegas"
38,"Las Vegas, NV, US","Garth Brooks at Encore Theatre, Wynn Las Vegas (August 6, 2010)",36.1038329,-114.9346083,0.069404,2010-08-06,None,"Encore Theatre, Wynn Las Vegas"
39,"Las Vegas, NV, US","Garth Brooks at Encore Theatre, Wynn Las Vegas (August 7, 2010)",36.1038329,-114.9346083,0.069404,2010-08-07,None,"Encore Theatre, Wynn Las Vegas"
40,"Las Vegas, NV, US","Garth Brooks at Encore Theatre, Wynn Las Vegas (August 8, 2010)",36.1038329,-114.9346083,0.069404,2010-08-08,None,"Encore Theatre, Wynn Las Vegas"
41,"Las Vegas, NV, US","Garth Brooks at Encore Theatre, Wynn Las Vegas (September 10, 2010)",36.1038329,-114.9346083,0.069404,2010-09-10,20:00:00,"Encore Theatre, Wynn Las Vegas"
42,"Las Vegas, NV, US","Garth Brooks at Encore Theatre, Wynn Las Vegas (September 11, 2010)",36.1038329,-114.9346083,0.069404,2010-09-11,20:00:00,"Encore Theatre, Wynn Las Vegas"
43,"Las Vegas, NV, US","Garth Brooks at Encore Theatre, Wynn Las Vegas (September 12, 2010)",36.1038329,-114.9346083,0.069404,2010-09-12,20:00:00,"Encore Theatre, Wynn Las Vegas"
44,"Las Vegas, NV, US","Garth Brooks at Wynn Las Vegas Hotel & Casino (October 1, 2010)",36.1294702,-115.1649668,0.071607,2010-10-01,20:00:00,Wynn Las Vegas Hotel & Casino
45,"Las Vegas, NV, US","Garth Brooks at Wynn Las Vegas Hotel & Casino (October 2, 2010)",36.1294702,-115.1649668,0.071607,2010-10-02,22:30:00,Wynn Las Vegas Hotel & Casino
46,"Las Vegas, NV, US","Garth Brooks at Wynn Las Vegas Hotel & Casino (October 3, 2010)",36.1294702,-115.1649668,0.071607,2010-10-03,20:00:00,Wynn Las Vegas Hotel & Casino
47,"Las Vegas, NV, US","Garth Brooks at Wynn Las Vegas Hotel & Casino (October 22, 2010)",36.1294702,-115.1649668,0.071607,2010-10-22,20:00:00,Wynn Las Vegas Hotel & Casino
48,"Las Vegas, NV, US","Garth Brooks at Wynn Las Vegas Hotel & Casino (October 23, 2010)",36.1294702,-115.1649668,0.071607,2010-10-23,20:00:00,Wynn Las Vegas Hotel & Casino
49,"Las Vegas, NV, US","Garth Brooks at Wynn Las Vegas Hotel & Casino (October 24, 2010)",36.1294702,-115.1649668,0.071607,2010-10-24,20:00:00,Wynn Las Vegas Hotel & Casino
50,"Las Vegas, NV, US","Garth Brooks at Wynn Las Vegas Hotel & Casino (November 5, 2010)",36.1294702,-115.1649668,0.071607,2010-11-05,20:00:00,Wynn Las Vegas Hotel & Casino
51,"Las Vegas, NV, US","Garth Brooks at Wynn Las Vegas Hotel & Casino (November 6, 2010)",36.1294702,-115.1649668,0.071607,2010-11-06,22:30:00,Wynn Las Vegas Hotel & Casino
52,"Las Vegas, NV, US","Garth Brooks at Wynn Las Vegas Hotel & Casino (November 7, 2010)",36.1294702,-115.1649668,0.071607,2010-11-07,20:00:00,Wynn Las Vegas Hotel & Casino
53,"Las Vegas, NV, US","Garth Brooks at Wynn Las Vegas Hotel & Casino (November 19, 2010)",36.1294702,-115.1649668,0.071607,2010-11-19,20:00:00,Wynn Las Vegas Hotel & Casino
54,"Las Vegas, NV, US","Garth Brooks at Wynn Las Vegas Hotel & Casino (November 20, 2010)",36.1294702,-115.1649668,0.071607,2010-11-20,22:30:00,Wynn Las Vegas Hotel & Casino
55,"Las Vegas, NV, US","Garth Brooks at Wynn Las Vegas Hotel & Casino (November 21, 2010)",36.1294702,-115.1649668,0.071607,2010-11-21,20:00:00,Wynn Las Vegas Hotel & Casino
56,"Las Vegas, NV, US","Garth Brooks at Wynn Las Vegas Hotel & Casino (December 3, 2010)",36.1294702,-115.1649668,0.071607,2010-12-03,20:00:00,Wynn Las Vegas Hotel & Casino
57,"Las Vegas, NV, US","Garth Brooks at Wynn Las Vegas Hotel & Casino (December 4, 2010)",36.1294702,-115.1649668,0.071607,2010-12-04,22:30:00,Wynn Las Vegas Hotel & Casino
58,"Las Vegas, NV, US","Garth Brooks at Wynn Las Vegas Hotel & Casino (December 5, 2010)",36.1294702,-115.1649668,0.071607,2010-12-05,20:00:00,Wynn Las Vegas Hotel & Casino
59,"Nashville, TN, US","Garth Brooks at Bridgestone Arena (December 16, 2010)",36.159949,-86.77857,0.071607,2010-12-16,19:00:00,Bridgestone Arena
60,"Nashville, TN, US","Garth Brooks at Bridgestone Arena (December 17, 2010)",36.159949,-86.77857,0.071607,2010-12-17,19:00:00,Bridgestone Arena
61,"Nashville, TN, US","Garth Brooks at Bridgestone Arena (December 19, 2010)",36.159949,-86.77857,0.071607,2010-12-19,19:30:00,Bridgestone Arena
62,"Nashville, TN, US","Garth Brooks at Bridgestone Arena (December 20, 2010)",36.159949,-86.77857,0.071607,2010-12-20,19:30:00,Bridgestone Arena
63,"Nashville, TN, US","Garth Brooks at Bridgestone Arena (December 21, 2010)",36.159949,-86.77857,0.071607,2010-12-21,18:00:00,Bridgestone Arena
64,"Nashville, TN, US","Garth Brooks at Bridgestone Arena (December 22, 2010)",36.159949,-86.77857,0.071607,2010-12-22,18:00:00,Bridgestone Arena
65,"Las Vegas, NV, US","Garth Brooks at Encore Theatre, Wynn Las Vegas (January 21, 2011)",36.1038329,-114.9346083,0.069404,2011-01-21,20:00:00,"Encore Theatre, Wynn Las Vegas"
66,"Las Vegas, NV, US","Garth Brooks at Encore Theatre, Wynn Las Vegas (January 22, 2011)",36.1038329,-114.9346083,0.069404,2011-01-22,22:30:00,"Encore Theatre, Wynn Las Vegas"
67,"Las Vegas, NV, US","Garth Brooks at Encore Theatre, Wynn Las Vegas (January 23, 2011)",36.1038329,-114.9346083,0.069404,2011-01-23,20:00:00,"Encore Theatre, Wynn Las Vegas"
68,"Las Vegas, NV, US","Garth Brooks at Wynn Las Vegas Hotel & Casino (February 11, 2011)",36.1294702,-115.1649668,0.071607,2011-02-11,20:00:00,Wynn Las Vegas Hotel & Casino
69,"Las Vegas, NV, US","Garth Brooks at Encore Theatre, Wynn Las Vegas (February 12, 2011)",36.1038329,-114.9346083,0.069404,2011-02-12,20:00:00,"Encore Theatre, Wynn Las Vegas"
70,"Las Vegas, NV, US","Garth Brooks at Encore Theatre, Wynn Las Vegas (February 13, 2011)",36.1038329,-114.9346083,0.069404,2011-02-13,20:00:00,"Encore Theatre, Wynn Las Vegas"
71,"Las Vegas, NV, US","Garth Brooks at Encore Theatre, Wynn Las Vegas (February 25, 2011)",36.1038329,-114.9346083,0.069404,2011-02-25,20:00:00,"Encore Theatre, Wynn Las Vegas"
72,"Las Vegas, NV, US","Garth Brooks at Wynn Las Vegas Hotel & Casino (February 26, 2011)",36.1294702,-115.1649668,0.071607,2011-02-26,20:00:00,Wynn Las Vegas Hotel & Casino
73,"Las Vegas, NV, US","Garth Brooks at Wynn Las Vegas Hotel & Casino (February 27, 2011)",36.1294702,-115.1649668,0.071607,2011-02-27,20:00:00,Wynn Las Vegas Hotel & Casino
74,"Las Vegas, NV, US","Garth Brooks at Encore Theatre, Wynn Las Vegas (March 18, 2011)",36.1038329,-114.9346083,0.069404,2011-03-18,22:30:00,"Encore Theatre, Wynn Las Vegas"
75,"Las Vegas, NV, US","Garth Brooks at Encore Theatre, Wynn Las Vegas (March 19, 2011)",36.1038329,-114.9346083,0.069404,2011-03-19,22:30:00,"Encore Theatre, Wynn Las Vegas"
76,"Las Vegas, NV, US","Garth Brooks at Encore Theatre, Wynn Las Vegas (March 25, 2011)",36.1038329,-114.9346083,0.069404,2011-03-25,22:30:00,"Encore Theatre, Wynn Las Vegas"
77,"Las Vegas, NV, US","Garth Brooks at Encore Theatre, Wynn Las Vegas (March 26, 2011)",36.1038329,-114.9346083,0.069404,2011-03-26,22:30:00,"Encore Theatre, Wynn Las Vegas"
78,"Las Vegas, NV, US","Garth Brooks at Encore Theatre, Wynn Las Vegas (April 8, 2011)",36.1038329,-114.9346083,0.069404,2011-04-08,22:30:00,"Encore Theatre, Wynn Las Vegas"
79,"Las Vegas, NV, US","Garth Brooks at Encore Theatre, Wynn Las Vegas (April 9, 2011)",36.1038329,-114.9346083,0.069404,2011-04-09,22:30:00,"Encore Theatre, Wynn Las Vegas"
80,"Las Vegas, NV, US","Garth Brooks at Encore Theatre, Wynn Las Vegas (June 3, 2011)",36.1038329,-114.9346083,0.069404,2011-06-03,22:30:00,"Encore Theatre, Wynn Las Vegas"
81,"Las Vegas, NV, US","Garth Brooks at Encore Theatre, Wynn Las Vegas (June 4, 2011)",36.1038329,-114.9346083,0.069404,2011-06-04,22:30:00,"Encore Theatre, Wynn Las Vegas"
82,"Las Vegas, NV, US","Garth Brooks at Wynn Las Vegas Hotel & Casino (June 23, 2011)",36.1294702,-115.1649668,0.071607,2011-06-23,20:00:00,Wynn Las Vegas Hotel & Casino
83,"Las Vegas, NV, US","Garth Brooks at Encore Theatre, Wynn Las Vegas (June 24, 2011)",36.1038329,-114.9346083,0.069404,2011-06-24,22:30:00,"Encore Theatre, Wynn Las Vegas"
84,"Las Vegas, NV, US","Garth Brooks at Encore Theatre, Wynn Las Vegas (June 25, 2011)",36.1038329,-114.9346083,0.069404,2011-06-25,22:30:00,"Encore Theatre, Wynn Las Vegas"
85,"Las Vegas, NV, US","Garth Brooks at Encore Theatre, Wynn Las Vegas (July 22, 2011)",36.1038329,-114.9346083,0.069404,2011-07-22,22:30:00,"Encore Theatre, Wynn Las Vegas"
86,"Las Vegas, NV, US","Garth Brooks at Encore Theatre, Wynn Las Vegas (July 23, 2011)",36.1038329,-114.9346083,0.069404,2011-07-23,22:30:00,"Encore Theatre, Wynn Las Vegas"
87,"Las Vegas, NV, US","Garth Brooks at Wynn Las Vegas Hotel & Casino (August 19, 2011)",36.1294702,-115.1649668,0.071607,2011-08-19,22:30:00,Wynn Las Vegas Hotel & Casino
88,"Las Vegas, NV, US","Garth Brooks at Wynn Las Vegas Hotel & Casino (August 20, 2011)",36.1294702,-115.1649668,0.071607,2011-08-20,22:30:00,Wynn Las Vegas Hotel & Casino
89,"Las Vegas, NV, US","Garth Brooks at Wynn Las Vegas Hotel & Casino (September 9, 2011)",36.1294702,-115.1649668,0.071607,2011-09-09,22:30:00,Wynn Las Vegas Hotel & Casino
90,"Las Vegas, NV, US","Garth Brooks at Wynn Las Vegas Hotel & Casino (September 10, 2011)",36.1294702,-115.1649668,0.071607,2011-09-10,20:00:00,Wynn Las Vegas Hotel & Casino
91,"Las Vegas, NV, US","Garth Brooks at Wynn Las Vegas Hotel & Casino (September 23, 2011)",36.1294702,-115.1649668,0.071607,2011-09-23,22:30:00,Wynn Las Vegas Hotel & Casino
92,"Las Vegas, NV, US","Garth Brooks at Wynn Las Vegas Hotel & Casino (September 24, 2011)",36.1294702,-115.1649668,0.071607,2011-09-24,22:30:00,Wynn Las Vegas Hotel & Casino
93,"Las Vegas, NV, US","Garth Brooks at Wynn Las Vegas Hotel & Casino (October 7, 2011)",36.1294702,-115.1649668,0.071607,2011-10-07,20:00:00,Wynn Las Vegas Hotel & Casino
94,"Las Vegas, NV, US","Garth Brooks at Wynn Las Vegas Hotel & Casino (October 8, 2011)",36.1294702,-115.1649668,0.071607,2011-10-08,22:30:00,Wynn Las Vegas Hotel & Casino
95,"Las Vegas, NV, US","Garth Brooks at Wynn Las Vegas Hotel & Casino (October 21, 2011)",36.1294702,-115.1649668,0.071607,2011-10-21,22:30:00,Wynn Las Vegas Hotel & Casino
96,"Las Vegas, NV, US","Garth Brooks at Wynn Las Vegas Hotel & Casino (October 22, 2011)",36.1294702,-115.1649668,0.071607,2011-10-22,20:00:00,Wynn Las Vegas Hotel & Casino
97,"Indianapolis, IN, US","Garth Brooks, Reba McEntire, and The Band Perry at Bankers Life Fieldhouse (October 23, 2011)",39.7640468,-86.1554765,0.153015,2011-10-23,None,Bankers Life Fieldhouse
98,"Las Vegas, NV, US","Garth Brooks at Wynn Las Vegas Hotel & Casino (November 4, 2011)",36.1294702,-115.1649668,0.071607,2011-11-04,20:00:00,Wynn Las Vegas Hotel & Casino
99,"Las Vegas, NV, US","Garth Brooks at Wynn Las Vegas Hotel & Casino (November 5, 2011)",36.1294702,-115.1649668,0.071607,2011-11-05,20:00:00,Wynn Las Vegas Hotel & Casino
100,"Las Vegas, NV, US","Garth Brooks at Encore Theatre, Wynn Las Vegas (December 2, 2011)",36.1038329,-114.9346083,0.069404,2011-12-02,22:30:00,"Encore Theatre, Wynn Las Vegas"
101,"Las Vegas, NV, US","Garth Brooks at Encore Theatre, Wynn Las Vegas (December 3, 2011)",36.1038329,-114.9346083,0.069404,2011-12-03,22:30:00,"Encore Theatre, Wynn Las Vegas"
102,"Las Vegas, NV, US","Garth Brooks at Encore Theatre, Wynn Las Vegas (January 5, 2012)",36.1038329,-114.9346083,0.069404,2012-01-05,20:00:00,"Encore Theatre, Wynn Las Vegas"
103,"Las Vegas, NV, US","Garth Brooks at Encore Theatre, Wynn Las Vegas (January 6, 2012)",36.1038329,-114.9346083,0.069404,2012-01-06,22:30:00,"Encore Theatre, Wynn Las Vegas"
104,"Las Vegas, NV, US","Garth Brooks at Encore Theatre, Wynn Las Vegas (January 7, 2012)",36.1038329,-114.9346083,0.069404,2012-01-07,22:30:00,"Encore Theatre, Wynn Las Vegas"
105,"Las Vegas, NV, US","Garth Brooks at Encore Theatre, Wynn Las Vegas (January 27, 2012)",36.1038329,-114.9346083,0.069404,2012-01-27,22:30:00,"Encore Theatre, Wynn Las Vegas"
106,"Las Vegas, NV, US","Garth Brooks at Encore Theatre, Wynn Las Vegas (January 28, 2012)",36.1038329,-114.9346083,0.069404,2012-01-28,22:30:00,"Encore Theatre, Wynn Las Vegas"
107,"Las Vegas, NV, US","Garth Brooks at Encore Theatre, Wynn Las Vegas (February 3, 2012)",36.1038329,-114.9346083,0.069404,2012-02-03,None,"Encore Theatre, Wynn Las Vegas"
108,"Las Vegas, NV, US","Garth Brooks at Encore Theatre, Wynn Las Vegas (February 4, 2012)",36.1038329,-114.9346083,0.069404,2012-02-04,None,"Encore Theatre, Wynn Las Vegas"
109,"Las Vegas, NV, US","Garth Brooks at Encore Theatre, Wynn Las Vegas (February 10, 2012)",36.1038329,-114.9346083,0.069404,2012-02-10,None,"Encore Theatre, Wynn Las Vegas"
110,"Las Vegas, NV, US","Garth Brooks at Encore Theatre, Wynn Las Vegas (February 11, 2012)",36.1038329,-114.9346083,0.069404,2012-02-11,None,"Encore Theatre, Wynn Las Vegas"
111,"Las Vegas, NV, US","Garth Brooks at Encore Theatre, Wynn Las Vegas (February 17, 2012)",36.1038329,-114.9346083,0.069404,2012-02-17,22:30:00,"Encore Theatre, Wynn Las Vegas"
112,"Las Vegas, NV, US","Garth Brooks at Encore Theatre, Wynn Las Vegas (February 18, 2012)",36.1038329,-114.9346083,0.069404,2012-02-18,22:30:00,"Encore Theatre, Wynn Las Vegas"
113,"Las Vegas, NV, US","Garth Brooks at Encore Theatre, Wynn Las Vegas (February 24, 2012)",36.1038329,-114.9346083,0.069404,2012-02-24,None,"Encore Theatre, Wynn Las Vegas"
114,"Las Vegas, NV, US","Garth Brooks at Encore Theatre, Wynn Las Vegas (February 25, 2012)",36.1038329,-114.9346083,0.069404,2012-02-25,None,"Encore Theatre, Wynn Las Vegas"
115,"Las Vegas, NV, US","Garth Brooks at Encore Theatre, Wynn Las Vegas (March 2, 2012)",36.1038329,-114.9346083,0.069404,2012-03-02,22:30:00,"Encore Theatre, Wynn Las Vegas"
116,"Las Vegas, NV, US","Garth Brooks at Encore Theatre, Wynn Las Vegas (March 3, 2012)",36.1038329,-114.9346083,0.069404,2012-03-03,22:30:00,"Encore Theatre, Wynn Las Vegas"
117,"Las Vegas, NV, US","Garth Brooks at Encore Theatre, Wynn Las Vegas (March 9, 2012)",36.1038329,-114.9346083,0.069404,2012-03-09,None,"Encore Theatre, Wynn Las Vegas"
118,"Las Vegas, NV, US","Garth Brooks at Encore Theatre, Wynn Las Vegas (March 10, 2012)",36.1038329,-114.9346083,0.069404,2012-03-10,None,"Encore Theatre, Wynn Las Vegas"
119,"Las Vegas, NV, US","Garth Brooks at Encore Theatre, Wynn Las Vegas (March 16, 2012)",36.1038329,-114.9346083,0.069404,2012-03-16,None,"Encore Theatre, Wynn Las Vegas"
120,"Las Vegas, NV, US","Garth Brooks at Encore Theatre, Wynn Las Vegas (March 17, 2012)",36.1038329,-114.9346083,0.069404,2012-03-17,None,"Encore Theatre, Wynn Las Vegas"
121,"Las Vegas, NV, US","Garth Brooks at Encore Theatre, Wynn Las Vegas (March 23, 2012)",36.1038329,-114.9346083,0.069404,2012-03-23,None,"Encore Theatre, Wynn Las Vegas"
122,"Las Vegas, NV, US","Garth Brooks at Encore Theatre, Wynn Las Vegas (March 24, 2012)",36.1038329,-114.9346083,0.069404,2012-03-24,None,"Encore Theatre, Wynn Las Vegas"
123,"Las Vegas, NV, US","Garth Brooks at Encore Theatre, Wynn Las Vegas (March 30, 2012)",36.1038329,-114.9346083,0.069404,2012-03-30,22:30:00,"Encore Theatre, Wynn Las Vegas"
124,"Las Vegas, NV, US","Garth Brooks at Encore Theatre, Wynn Las Vegas (March 31, 2012)",36.1038329,-114.9346083,0.069404,2012-03-31,22:30:00,"Encore Theatre, Wynn Las Vegas"
125,"Las Vegas, NV, US","Garth Brooks at Encore Theatre, Wynn Las Vegas (April 6, 2012)",36.1038329,-114.9346083,0.069404,2012-04-06,None,"Encore Theatre, Wynn Las Vegas"
126,"Las Vegas, NV, US","Garth Brooks at Encore Theatre, Wynn Las Vegas (April 7, 2012)",36.1038329,-114.9346083,0.069404,2012-04-07,None,"Encore Theatre, Wynn Las Vegas"
127,"Las Vegas, NV, US","Garth Brooks at Encore Theatre, Wynn Las Vegas (April 13, 2012)",36.1038329,-114.9346083,0.069404,2012-04-13,None,"Encore Theatre, Wynn Las Vegas"
128,"Las Vegas, NV, US","Garth Brooks at Encore Theatre, Wynn Las Vegas (April 14, 2012)",36.1038329,-114.9346083,0.069404,2012-04-14,None,"Encore Theatre, Wynn Las Vegas"
129,"Las Vegas, NV, US","Garth Brooks at Encore Theatre, Wynn Las Vegas (April 20, 2012)",36.1038329,-114.9346083,0.069404,2012-04-20,22:30:00,"Encore Theatre, Wynn Las Vegas"
130,"Las Vegas, NV, US","Garth Brooks at Encore Theatre, Wynn Las Vegas (April 21, 2012)",36.1038329,-114.9346083,0.069404,2012-04-21,22:30:00,"Encore Theatre, Wynn Las Vegas"
131,"Las Vegas, NV, US","Garth Brooks at Encore Theatre, Wynn Las Vegas (April 27, 2012)",36.1038329,-114.9346083,0.069404,2012-04-27,None,"Encore Theatre, Wynn Las Vegas"
132,"Las Vegas, NV, US","Garth Brooks at Encore Theatre, Wynn Las Vegas (April 28, 2012)",36.1038329,-114.9346083,0.069404,2012-04-28,None,"Encore Theatre, Wynn Las Vegas"
133,"Las Vegas, NV, US","Garth Brooks at Encore Theatre, Wynn Las Vegas (May 4, 2012)",36.1038329,-114.9346083,0.069404,2012-05-04,None,"Encore Theatre, Wynn Las Vegas"
134,"Las Vegas, NV, US","Garth Brooks at Encore Theatre, Wynn Las Vegas (May 5, 2012)",36.1038329,-114.9346083,0.069404,2012-05-05,None,"Encore Theatre, Wynn Las Vegas"
135,"Las Vegas, NV, US","Garth Brooks at Encore Theatre, Wynn Las Vegas (May 11, 2012)",36.1038329,-114.9346083,0.069404,2012-05-11,None,"Encore Theatre, Wynn Las Vegas"
136,"Las Vegas, NV, US","Garth Brooks at Encore Theatre, Wynn Las Vegas (May 12, 2012)",36.1038329,-114.9346083,0.069404,2012-05-12,None,"Encore Theatre, Wynn Las Vegas"
137,"Las Vegas, NV, US","Garth Brooks at Encore Theatre, Wynn Las Vegas (May 18, 2012)",36.1038329,-114.9346083,0.069404,2012-05-18,None,"Encore Theatre, Wynn Las Vegas"
138,"Las Vegas, NV, US","Garth Brooks at Encore Theatre, Wynn Las Vegas (May 19, 2012)",36.1038329,-114.9346083,0.069404,2012-05-19,None,"Encore Theatre, Wynn Las Vegas"
139,"Las Vegas, NV, US","Garth Brooks at Encore Theatre, Wynn Las Vegas (May 25, 2012)",36.1038329,-114.9346083,0.069404,2012-05-25,None,"Encore Theatre, Wynn Las Vegas"
140,"Las Vegas, NV, US","Garth Brooks at Encore Theatre, Wynn Las Vegas (May 26, 2012)",36.1038329,-114.9346083,0.069404,2012-05-26,None,"Encore Theatre, Wynn Las Vegas"
141,"Las Vegas, NV, US","Garth Brooks at Encore Theatre, Wynn Las Vegas (June 1, 2012)",36.1038329,-114.9346083,0.069404,2012-06-01,None,"Encore Theatre, Wynn Las Vegas"
142,"Las Vegas, NV, US","Garth Brooks at Encore Theatre, Wynn Las Vegas (June 2, 2012)",36.1038329,-114.9346083,0.069404,2012-06-02,None,"Encore Theatre, Wynn Las Vegas"
143,"Las Vegas, NV, US","Garth Brooks at Encore Theatre, Wynn Las Vegas (June 8, 2012)",36.1038329,-114.9346083,0.069404,2012-06-08,22:30:00,"Encore Theatre, Wynn Las Vegas"
144,"Las Vegas, NV, US","Garth Brooks at Encore Theatre, Wynn Las Vegas (June 9, 2012)",36.1038329,-114.9346083,0.069404,2012-06-09,22:30:00,"Encore Theatre, Wynn Las Vegas"
145,"Las Vegas, NV, US","Garth Brooks at Encore Theatre, Wynn Las Vegas (June 22, 2012)",36.1038329,-114.9346083,0.069404,2012-06-22,22:30:00,"Encore Theatre, Wynn Las Vegas"
146,"Las Vegas, NV, US","Garth Brooks at Encore Theatre, Wynn Las Vegas (June 23, 2012)",36.1038329,-114.9346083,0.069404,2012-06-23,22:30:00,"Encore Theatre, Wynn Las Vegas"
147,"Las Vegas, NV, US","Garth Brooks at Encore Theatre, Wynn Las Vegas (July 19, 2012)",36.1038329,-114.9346083,0.069404,2012-07-19,20:00:00,"Encore Theatre, Wynn Las Vegas"
148,"Las Vegas, NV, US","Garth Brooks at Encore Theatre, Wynn Las Vegas (July 20, 2012)",36.1038329,-114.9346083,0.069404,2012-07-20,22:30:00,"Encore Theatre, Wynn Las Vegas"
149,"Las Vegas, NV, US","Garth Brooks at Encore Theatre, Wynn Las Vegas (July 21, 2012)",36.1038329,-114.9346083,0.069404,2012-07-21,22:30:00,"Encore Theatre, Wynn Las Vegas"
150,"Los Angeles, CA, US","Dierks Bentley with Josh Groban, Garth Brooks, and Carrie Underwood at Microsoft Theater (August 14, 2012)",34.0442944,-118.2656014,0.215775,2012-08-14,19:30:00,Microsoft Theater
151,"Las Vegas, NV, US","Garth Brooks at Encore Theatre, Wynn Las Vegas (August 17, 2012)",36.1038329,-114.9346083,0.069404,2012-08-17,22:30:00,"Encore Theatre, Wynn Las Vegas"
152,"Las Vegas, NV, US","Garth Brooks at Encore Theatre, Wynn Las Vegas (August 18, 2012)",36.1038329,-114.9346083,0.069404,2012-08-18,22:30:00,"Encore Theatre, Wynn Las Vegas"
153,"Las Vegas, NV, US","Garth Brooks at Encore Theatre, Wynn Las Vegas (September 21, 2012)",36.1038329,-114.9346083,0.069404,2012-09-21,22:30:00,"Encore Theatre, Wynn Las Vegas"
154,"Las Vegas, NV, US","Garth Brooks at Encore Theatre, Wynn Las Vegas (September 22, 2012)",36.1038329,-114.9346083,0.069404,2012-09-22,22:30:00,"Encore Theatre, Wynn Las Vegas"
155,"Las Vegas, NV, US","Garth Brooks at Encore Theatre, Wynn Las Vegas (October 5, 2012)",36.1038329,-114.9346083,0.069404,2012-10-05,22:30:00,"Encore Theatre, Wynn Las Vegas"
156,"Las Vegas, NV, US","Garth Brooks at Encore Theatre, Wynn Las Vegas (October 6, 2012)",36.1038329,-114.9346083,0.069404,2012-10-06,22:30:00,"Encore Theatre, Wynn Las Vegas"
157,"Las Vegas, NV, US","Garth Brooks at Encore Theatre, Wynn Las Vegas (October 26, 2012)",36.1038329,-114.9346083,0.069404,2012-10-26,22:30:00,"Encore Theatre, Wynn Las Vegas"
158,"Las Vegas, NV, US","Garth Brooks at Encore Theatre, Wynn Las Vegas (October 27, 2012)",36.1038329,-114.9346083,0.069404,2012-10-27,22:30:00,"Encore Theatre, Wynn Las Vegas"
159,"Las Vegas, NV, US","Garth Brooks at Encore Theatre, Wynn Las Vegas (November 16, 2012)",36.1038329,-114.9346083,0.069404,2012-11-16,22:30:00,"Encore Theatre, Wynn Las Vegas"
160,"Las Vegas, NV, US","Garth Brooks at Encore Theatre, Wynn Las Vegas (November 17, 2012)",36.1038329,-114.9346083,0.069404,2012-11-17,22:30:00,"Encore Theatre, Wynn Las Vegas"
161,"Las Vegas, NV, US","Garth Brooks at Encore Theatre, Wynn Las Vegas (May 24, 2013)",36.1038329,-114.9346083,0.069404,2013-05-24,22:30:00,"Encore Theatre, Wynn Las Vegas"
162,"Las Vegas, NV, US","Garth Brooks at Encore Theatre, Wynn Las Vegas (May 25, 2013)",36.1038329,-114.9346083,0.069404,2013-05-25,22:30:00,"Encore Theatre, Wynn Las Vegas"
163,"Las Vegas, NV, US","Garth Brooks at Encore Theatre, Wynn Las Vegas (July 4, 2013)",36.1038329,-114.9346083,0.069404,2013-07-04,18:30:00,"Encore Theatre, Wynn Las Vegas"
164,"Las Vegas, NV, US","Garth Brooks at Encore Theatre, Wynn Las Vegas (July 5, 2013)",36.1038329,-114.9346083,0.069404,2013-07-05,20:00:00,"Encore Theatre, Wynn Las Vegas"
165,"Las Vegas, NV, US","Garth Brooks at Encore Theatre, Wynn Las Vegas (July 6, 2013)",36.1038329,-114.9346083,0.069404,2013-07-06,20:00:00,"Encore Theatre, Wynn Las Vegas"
166,"Norman, OK, US","Toby Keith with Garth Brooks, Willie Nelson, Trisha Yearwood, and 4 more… at Gaylord Family Oklahoma Memorial Stadium (July 6, 2013)",35.2074499,-97.441262,0.134157,2013-07-06,15:00:00,Gaylord Family Oklahoma Memorial Stadium
167,"Las Vegas, NV, US","Garth Brooks at Encore Theatre, Wynn Las Vegas (October 18, 2013)",36.1038329,-114.9346083,0.069404,2013-10-18,None,"Encore Theatre, Wynn Las Vegas"
168,"Las Vegas, NV, US","Garth Brooks at Encore Theatre, Wynn Las Vegas (October 19, 2013)",36.1038329,-114.9346083,0.069404,2013-10-19,None,"Encore Theatre, Wynn Las Vegas"
169,"Las Vegas, NV, US","Garth Brooks at Encore Theatre, Wynn Las Vegas (November 8, 2013)",36.1038329,-114.9346083,0.069404,2013-11-08,None,"Encore Theatre, Wynn Las Vegas"
170,"Las Vegas, NV, US","Garth Brooks at Encore Theatre, Wynn Las Vegas (November 9, 2013)",36.1038329,-114.9346083,0.069404,2013-11-09,None,"Encore Theatre, Wynn Las Vegas"
171,"Las Vegas, NV, US","Garth Brooks at Encore Theatre, Wynn Las Vegas (January 3, 2014)",36.1038329,-114.9346083,0.069404,2014-01-03,22:30:00,"Encore Theatre, Wynn Las Vegas"
172,"Las Vegas, NV, US","Garth Brooks at Encore Theatre, Wynn Las Vegas (January 4, 2014)",36.1038329,-114.9346083,0.069404,2014-01-04,22:30:00,"Encore Theatre, Wynn Las Vegas"
173,"Rosemont, IL, US","Garth Brooks and Trisha Yearwood at Allstate Arena (September 4, 2014)",42.0047854,-87.8878325,0.070449,2014-09-04,19:30:00,Allstate Arena
174,"Rosemont, IL, US","Garth Brooks and Trisha Yearwood at Allstate Arena (September 5, 2014)",42.0047854,-87.8878325,0.070449,2014-09-05,22:30:00,Allstate Arena
175,"Rosemont, IL, US","Garth Brooks and Trisha Yearwood at Allstate Arena (September 6, 2014)",42.0047854,-87.8878325,0.070449,2014-09-06,22:30:00,Allstate Arena
176,"Rosemont, IL, US","Garth Brooks with Trisha Yearwood at Allstate Arena (September 6, 2014)",42.0047854,-87.8878325,0.070449,2014-09-06,18:00:00,Allstate Arena
177,"Rosemont, IL, US","Garth Brooks and Trisha Yearwood at Allstate Arena (September 11, 2014)",42.0047854,-87.8878325,0.070311,2014-09-11,19:30:00,Allstate Arena
178,"Rosemont, IL, US","Garth Brooks and Trisha Yearwood at Allstate Arena (September 12, 2014)",42.0047854,-87.8878325,0.070311,2014-09-12,22:30:00,Allstate Arena
179,"Rosemont, IL, US","Garth Brooks and Trisha Yearwood at Allstate Arena (September 13, 2014)",42.0047854,-87.8878325,0.070311,2014-09-13,22:30:00,Allstate Arena
180,"Rosemont, IL, US","Garth Brooks and Trisha Yearwood at Allstate Arena (September 14, 2014)",42.0047854,-87.8878325,0.070311,2014-09-14,19:30:00,Allstate Arena
181,"Atlanta, GA, US","Garth Brooks and Trisha Yearwood at Philips Arena (September 19, 2014)",33.7570952,-84.3971653,0.070163,2014-09-19,22:30:00,Philips Arena
182,"Atlanta, GA, US","Garth Brooks and Trisha Yearwood at Philips Arena (September 20, 2014)",33.7570952,-84.3971653,0.070163,2014-09-20,22:30:00,Philips Arena
183,"Atlanta, GA, US","Garth Brooks and Trisha Yearwood at Philips Arena (September 21, 2014)",33.7570952,-84.3971653,0.070163,2014-09-21,19:30:00,Philips Arena
184,"Atlanta, GA, US","Garth Brooks and Trisha Yearwood at Philips Arena (September 26, 2014)",33.7570952,-84.3971653,0.070023,2014-09-26,19:30:00,Philips Arena
185,"Atlanta, GA, US","Garth Brooks and Trisha Yearwood at Philips Arena (September 27, 2014)",33.7570952,-84.3971653,0.070023,2014-09-27,19:30:00,Philips Arena
186,"Jacksonville, FL, US","Garth Brooks and Trisha Yearwood at Jacksonville Veterans Memorial Arena (October 10, 2014)",30.325811,-81.645058,0.069533,2014-10-10,19:30:00,Jacksonville Veterans Memorial Arena
187,"Jacksonville, FL, US","Garth Brooks and Trisha Yearwood at Jacksonville Veterans Memorial Arena (October 11, 2014)",30.325811,-81.645058,0.069523,2014-10-11,19:30:00,Jacksonville Veterans Memorial Arena
188,"Jacksonville, FL, US","Garth Brooks and Trisha Yearwood at Jacksonville Veterans Memorial Arena (October 12, 2014)",30.325811,-81.645058,0.069512,2014-10-12,19:30:00,Jacksonville Veterans Memorial Arena
189,"Jacksonville, FL, US","Garth Brooks and Trisha Yearwood at Jacksonville Veterans Memorial Arena (October 16, 2014)",30.325811,-81.645058,0.069457,2014-10-16,19:30:00,Jacksonville Veterans Memorial Arena
190,"Jacksonville, FL, US","Garth Brooks and Trisha Yearwood at Jacksonville Veterans Memorial Arena (October 17, 2014)",30.325811,-81.645058,0.06945,2014-10-17,19:30:00,Jacksonville Veterans Memorial Arena
191,"Jacksonville, FL, US","Garth Brooks and Trisha Yearwood at Jacksonville Veterans Memorial Arena (October 18, 2014)",30.325811,-81.645058,0.069454,2014-10-18,19:30:00,Jacksonville Veterans Memorial Arena
192,"Lexington, KY, US","Garth Brooks and Trisha Yearwood at Rupp Arena (October 31, 2014)",38.0491448,-84.5010157,0.069358,2014-10-31,22:30:00,Rupp Arena
193,"Lexington, KY, US","Garth Brooks and Trisha Yearwood at Rupp Arena (November 1, 2014)",38.0491448,-84.5010157,0.069354,2014-11-01,22:30:00,Rupp Arena
194,"Minneapolis, MN, US","Garth Brooks with Trisha Yearwood at Target Center (November 6, 2014)",44.979657,-93.274889,0.06941,2014-11-06,19:30:00,Target Center
195,"Minneapolis, MN, US","Garth Brooks with Trisha Yearwood at Target Center (November 7, 2014)",44.979657,-93.274889,0.069401,2014-11-07,22:30:00,Target Center
196,"Minneapolis, MN, US","Garth Brooks with Trisha Yearwood at Target Center (November 8, 2014)",44.979657,-93.274889,0.069401,2014-11-08,22:30:00,Target Center
197,"Minneapolis, MN, US","Garth Brooks with Trisha Yearwood at Target Center (November 9, 2014)",44.979657,-93.274889,0.069401,2014-11-09,19:00:00,Target Center
198,"Minneapolis, MN, US","Garth Brooks with Trisha Yearwood at Target Center (November 13, 2014)",44.979657,-93.274889,0.069401,2014-11-13,19:30:00,Target Center
199,"Minneapolis, MN, US","Garth Brooks with Trisha Yearwood at Target Center (November 14, 2014)",44.979657,-93.274889,0.069401,2014-11-14,22:30:00,Target Center
200,"Minneapolis, MN, US","Garth Brooks with Trisha Yearwood at Target Center (November 15, 2014)",44.979657,-93.274889,0.069401,2014-11-15,22:30:00,Target Center
201,"Greensboro, NC, US","Garth Brooks and Trisha Yearwood at Greensboro Coliseum Complex (November 19, 2014)",36.0597573,-79.8256684,0.069401,2014-11-19,19:30:00,Greensboro Coliseum Complex
202,"Greensboro, NC, US","Garth Brooks and Trisha Yearwood with Lecrae at War Memorial Auditorium, Greensboro Coliseum Complex (November 20, 2014)",36.0597573,-79.8256684,0.069297,2014-11-20,19:30:00,"War Memorial Auditorium, Greensboro Coliseum Complex"
203,"Greensboro, NC, US","Garth Brooks and Trisha Yearwood at Greensboro Coliseum Complex (November 21, 2014)",36.0597573,-79.8256684,0.069401,2014-11-21,19:30:00,Greensboro Coliseum Complex
204,"Greensboro, NC, US","Garth Brooks and Trisha Yearwood at Greensboro Coliseum Complex (November 22, 2014)",36.0597573,-79.8256684,0.069401,2014-11-22,19:30:00,Greensboro Coliseum Complex
205,"Greensboro, NC, US","Garth Brooks and Trisha Yearwood at Greensboro Coliseum Complex (November 23, 2014)",36.0597573,-79.8256684,0.069401,2014-11-23,19:00:00,Greensboro Coliseum Complex
206,"St Louis, MO, US","Garth Brooks and Trisha Yearwood at Scottrade Center (December 4, 2014)",38.626175,-90.202131,0.069223,2014-12-04,19:30:00,Scottrade Center
207,"St Louis, MO, US","Garth Brooks and Trisha Yearwood at Scottrade Center (December 5, 2014)",38.626175,-90.202131,0.069224,2014-12-05,19:00:00,Scottrade Center
208,"St Louis, MO, US","Garth Brooks and Trisha Yearwood at Scottrade Center (December 6, 2014)",38.626175,-90.202131,0.069211,2014-12-06,19:00:00,Scottrade Center
209,"St Louis, MO, US","Garth Brooks and Trisha Yearwood at Scottrade Center (December 7, 2014)",38.626175,-90.202131,0.069189,2014-12-07,19:00:00,Scottrade Center
210,"North Little Rock, AR, US","Garth Brooks and Trisha Yearwood at Verizon Arena (December 11, 2014)",34.7549408,-92.2643137,0.064346,2014-12-11,19:30:00,Verizon Arena
211,"North Little Rock, AR, US","Garth Brooks and Trisha Yearwood at Verizon Arena (December 12, 2014)",34.7549408,-92.2643137,0.064346,2014-12-12,19:00:00,Verizon Arena
212,"North Little Rock, AR, US","Garth Brooks and Trisha Yearwood at Verizon Arena (December 13, 2014)",34.7549408,-92.2643137,0.064346,2014-12-13,19:00:00,Verizon Arena
213,"Nashville, TN, US","Kelly Clarkson with Trisha Yearwood, Reba McEntire, Garth Brooks, and 4 more… at Bridgestone Arena (December 20, 2014)",36.159949,-86.77857,0.320846,2014-12-20,19:30:00,Bridgestone Arena
214,"Tulsa, OK, US","Garth Brooks and Trisha Yearwood at BOK Center (January 9, 2015)",36.152764,-95.996227,0.069195,2015-01-09,19:00:00,BOK Center
215,"Tulsa, OK, US","Garth Brooks and Trisha Yearwood at BOK Center (January 10, 2015)",36.152764,-95.996227,0.069212,2015-01-10,22:30:00,BOK Center
216,"Tulsa, OK, US","Garth Brooks and Trisha Yearwood at BOK Center (January 11, 2015)",36.152764,-95.996227,0.069219,2015-01-11,19:00:00,BOK Center
217,"Tulsa, OK, US","Garth Brooks and Trisha Yearwood at BOK Center (January 15, 2015)",36.152764,-95.996227,0.06924,2015-01-15,19:00:00,BOK Center
218,"Tulsa, OK, US","Garth Brooks and Trisha Yearwood at BOK Center (January 16, 2015)",36.152764,-95.996227,0.069259,2015-01-16,19:00:00,BOK Center
219,"Tulsa, OK, US","Garth Brooks and Trisha Yearwood at BOK Center (January 17, 2015)",36.152764,-95.996227,0.069257,2015-01-17,19:00:00,BOK Center
220,"Boston, MA, US","Garth Brooks and Trisha Yearwood at TD Garden (January 22, 2015)",42.3661881,-71.0621482,0.06925,2015-01-22,19:30:00,TD Garden
221,"Boston, MA, US","Garth Brooks and Trisha Yearwood at TD Garden (January 23, 2015)",42.3661881,-71.0621482,0.069245,2015-01-23,19:00:00,TD Garden
222,"Boston, MA, US","Garth Brooks and Trisha Yearwood at TD Garden (January 24, 2015)",42.3661881,-71.0621482,0.069261,2015-01-24,19:00:00,TD Garden
223,"Boston, MA, US","Garth Brooks and Trisha Yearwood at TD Garden (January 25, 2015)",42.3661881,-71.0621482,0.06926,2015-01-25,19:00:00,TD Garden
224,"Pittsburgh, PA, US","Garth Brooks and Trisha Yearwood at PPG Paints Arena (February 5, 2015)",40.4395932,-79.9889352,0.060808,2015-02-05,19:30:00,PPG Paints Arena
225,"Pittsburgh, PA, US","Garth Brooks and Trisha Yearwood at PPG Paints Arena (February 6, 2015)",40.4395932,-79.9889352,0.060808,2015-02-06,18:30:00,PPG Paints Arena
226,"Pittsburgh, PA, US","Garth Brooks and Trisha Yearwood at PPG Paints Arena (February 7, 2015)",40.4395932,-79.9889352,0.060808,2015-02-07,18:30:00,PPG Paints Arena
227,"Pittsburgh, PA, US","Garth Brooks and Trisha Yearwood at PPG Paints Arena (February 8, 2015)",40.4395932,-79.9889352,0.060808,2015-02-08,19:00:00,PPG Paints Arena
228,"Detroit, MI, US","Garth Brooks and Trisha Yearwood at Joe Louis Arena (February 20, 2015)",42.3251899,-83.051362,0.069348,2015-02-20,19:00:00,Joe Louis Arena
229,"Detroit, MI, US","Garth Brooks and Trisha Yearwood at Joe Louis Arena (February 21, 2015)",42.3251899,-83.051362,0.069341,2015-02-21,22:30:00,Joe Louis Arena
230,"Detroit, MI, US","Garth Brooks and Trisha Yearwood at Joe Louis Arena (February 27, 2015)",42.3251899,-83.051362,0.069354,2015-02-27,19:00:00,Joe Louis Arena
231,"Detroit, MI, US","Garth Brooks and Trisha Yearwood at Joe Louis Arena (February 28, 2015)",42.3251899,-83.051362,0.06935,2015-02-28,22:30:00,Joe Louis Arena
232,"Buffalo, NY, US","Garth Brooks with Trisha Yearwood at KeyBank Center (March 5, 2015)",42.8749473,-78.8762459,0.061131,2015-03-05,19:30:00,KeyBank Center
233,"Buffalo, NY, US","Garth Brooks with Trisha Yearwood at KeyBank Center (March 6, 2015)",42.8749473,-78.8762459,0.061131,2015-03-06,22:30:00,KeyBank Center
234,"Buffalo, NY, US","Garth Brooks with Trisha Yearwood at KeyBank Center (March 7, 2015)",42.8749473,-78.8762459,0.061131,2015-03-07,18:00:00,KeyBank Center
235,"Buffalo, NY, US","Garth Brooks with Trisha Yearwood at KeyBank Center (March 8, 2015)",42.8749473,-78.8762459,0.061131,2015-03-08,19:00:00,KeyBank Center
236,"Denver, CO, US","Garth Brooks with Trisha Yearwood at Pepsi Center (March 18, 2015)",39.745565,-105.010476,0.069345,2015-03-18,19:00:00,Pepsi Center
237,"Denver, CO, US","Garth Brooks with Trisha Yearwood at Pepsi Center (March 19, 2015)",39.745565,-105.010476,0.069341,2015-03-19,19:30:00,Pepsi Center
238,"Denver, CO, US","Garth Brooks with Trisha Yearwood at Pepsi Center (March 20, 2015)",39.745565,-105.010476,0.069328,2015-03-20,19:00:00,Pepsi Center
239,"Denver, CO, US","Garth Brooks with Trisha Yearwood at Pepsi Center (March 21, 2015)",39.745565,-105.010476,0.069333,2015-03-21,22:30:00,Pepsi Center
240,"Denver, CO, US","Garth Brooks with Trisha Yearwood at Pepsi Center (March 22, 2015)",39.745565,-105.010476,0.069324,2015-03-22,19:00:00,Pepsi Center
241,"Denver, CO, US","Garth Brooks with Trisha Yearwood at Pepsi Center (March 24, 2015)",39.745565,-105.010476,0.069324,2015-03-24,19:30:00,Pepsi Center
242,"Sacramento, CA, US","Garth Brooks and Trisha Yearwood at Sleep Train Arena (March 27, 2015)",38.648005,-121.517077,0.069318,2015-03-27,19:00:00,Sleep Train Arena
243,"Sacramento, CA, US","Garth Brooks and Trisha Yearwood at Sleep Train Arena (March 28, 2015)",38.648005,-121.517077,0.069315,2015-03-28,19:00:00,Sleep Train Arena
244,"Sacramento, CA, US","Garth Brooks and Trisha Yearwood at Sleep Train Arena (March 29, 2015)",38.648005,-121.517077,0.069322,2015-03-29,19:30:00,Sleep Train Arena
245,"Sacramento, CA, US","Garth Brooks and Trisha Yearwood at Sleep Train Arena (March 31, 2015)",38.648005,-121.517077,0.069321,2015-03-31,19:30:00,Sleep Train Arena
246,"Sacramento, CA, US","Garth Brooks and Trisha Yearwood at Sleep Train Arena (April 1, 2015)",38.648005,-121.517077,0.069307,2015-04-01,19:30:00,Sleep Train Arena
247,"Portland, OR, US","Garth Brooks and Trisha Yearwood at The Moda Center (April 12, 2015)",45.5318596,-122.6668196,0.055931,2015-04-12,16:00:00,The Moda Center
248,"Portland, OR, US","Garth Brooks and Trisha Yearwood at The Moda Center (April 13, 2015)",45.5318596,-122.6668196,0.055931,2015-04-13,19:30:00,The Moda Center
249,"Portland, OR, US","Garth Brooks and Trisha Yearwood at The Moda Center (April 15, 2015)",45.5318596,-122.6668196,0.055931,2015-04-15,19:30:00,The Moda Center
250,"Portland, OR, US","Garth Brooks and Trisha Yearwood at The Moda Center (April 16, 2015)",45.5318596,-122.6668196,0.055931,2015-04-16,19:30:00,The Moda Center
251,"University Park, PA, US","Garth Brooks and Trisha Yearwood at Bryce Jordan Center (April 24, 2015)",40.8035111,-77.8666435,0.069333,2015-04-24,19:00:00,Bryce Jordan Center
252,"University Park, PA, US","Garth Brooks and Trisha Yearwood at Bryce Jordan Center (April 25, 2015)",40.8035111,-77.8666435,0.069333,2015-04-25,22:30:00,Bryce Jordan Center
253,"University Park, PA, US","Garth Brooks and Trisha Yearwood at Bryce Jordan Center (May 1, 2015)",40.8035111,-77.8666435,0.06928,2015-05-01,19:00:00,Bryce Jordan Center
254,"University Park, PA, US","Garth Brooks and Trisha Yearwood at Bryce Jordan Center (May 2, 2015)",40.8035111,-77.8666435,0.069253,2015-05-02,22:30:00,Bryce Jordan Center
255,"Omaha, NE, US","Garth Brooks and Trisha Yearwood at CenturyLink Center & Arena (May 7, 2015)",41.2637186,-95.9292658,0.068315,2015-05-07,19:30:00,CenturyLink Center & Arena
256,"Omaha, NE, US","Garth Brooks and Trisha Yearwood at CenturyLink Center & Arena (May 8, 2015)",41.2637186,-95.9292658,0.068306,2015-05-08,22:30:00,CenturyLink Center & Arena
257,"Omaha, NE, US","Garth Brooks and Trisha Yearwood at CenturyLink Center & Arena (May 9, 2015)",41.2637186,-95.9292658,0.068292,2015-05-09,22:30:00,CenturyLink Center & Arena
258,"Omaha, NE, US","Garth Brooks and Trisha Yearwood at CenturyLink Center & Arena (May 10, 2015)",41.2637186,-95.9292658,0.068291,2015-05-10,19:00:00,CenturyLink Center & Arena
259,"Knoxville, TN, US","Garth Brooks with Trisha Yearwood at Thompson-Boling Arena, University of Tennessee (May 28, 2015)",35.9525345,-83.9246578,0.06821,2015-05-28,19:30:00,"Thompson-Boling Arena, University of Tennessee"
260,"Knoxville, TN, US","Garth Brooks with Trisha Yearwood at Thompson-Boling Arena, University of Tennessee (May 29, 2015)",35.9525345,-83.9246578,0.068204,2015-05-29,19:30:00,"Thompson-Boling Arena, University of Tennessee"
261,"Knoxville, TN, US","Garth Brooks with Trisha Yearwood at Thompson-Boling Arena, University of Tennessee (May 30, 2015)",35.9525345,-83.9246578,0.068195,2015-05-30,19:30:00,"Thompson-Boling Arena, University of Tennessee"
262,"Knoxville, TN, US","Garth Brooks with Trisha Yearwood at Thompson-Boling Arena, University of Tennessee (May 31, 2015)",35.9525345,-83.9246578,0.068187,2015-05-31,19:30:00,"Thompson-Boling Arena, University of Tennessee"
263,"Birmingham, AL, US","Garth Brooks and Trisha Yearwood at Legacy Arena at the BJCC (June 12, 2015)",33.5230741,-86.8114115,0.052344,2015-06-12,19:00:00,Legacy Arena at the BJCC
264,"Birmingham, AL, US","Garth Brooks and Trisha Yearwood at Legacy Arena at the BJCC (June 13, 2015)",33.5230741,-86.8114115,0.052344,2015-06-13,22:30:00,Legacy Arena at the BJCC
265,"Houston, TX, US","Garth Brooks with Trisha Yearwood at Toyota Center (June 26, 2015)",29.7519787,-95.3621823,0.067968,2015-06-26,None,Toyota Center
266,"Houston, TX, US","Garth Brooks with Trisha Yearwood at Toyota Center (June 27, 2015)",29.7519787,-95.3621823,0.067966,2015-06-27,None,Toyota Center
267,"Houston, TX, US","Garth Brooks with Trisha Yearwood at Toyota Center (July 3, 2015)",29.7519787,-95.3621823,0.067324,2015-07-03,None,Toyota Center
268,"Houston, TX, US","Garth Brooks with Trisha Yearwood at Toyota Center (July 4, 2015)",29.7519787,-95.3621823,0.067324,2015-07-04,None,Toyota Center
269,"New Orleans, LA, US","Garth Brooks and Trisha Yearwood at Smoothie King Center (July 10, 2015)",29.948996,-90.0798292,0.067305,2015-07-10,19:00:00,Smoothie King Center
270,"New Orleans, LA, US","Garth Brooks and Trisha Yearwood at Smoothie King Center (July 11, 2015)",29.948996,-90.0798292,0.0673,2015-07-11,22:30:00,Smoothie King Center
271,"New Orleans, LA, US","Garth Brooks and Trisha Yearwood at Smoothie King Center (July 12, 2015)",29.948996,-90.0798292,0.067292,2015-07-12,19:30:00,Smoothie King Center
272,"Dallas, TX, US","Garth Brooks with Trisha Yearwood at American Airlines Center (September 17, 2015)",32.790442,-96.810159,0.066689,2015-09-17,19:30:00,American Airlines Center
273,"Dallas, TX, US","Garth Brooks with Trisha Yearwood at American Airlines Center (September 18, 2015)",32.790442,-96.810159,0.06667,2015-09-18,19:00:00,American Airlines Center
274,"Dallas, TX, US","Garth Brooks at American Airlines Center (September 18, 2015)",32.790442,-96.810159,0.06667,2015-09-18,22:30:00,American Airlines Center
275,"Dallas, TX, US","Garth Brooks with Trisha Yearwood at American Airlines Center (September 19, 2015)",32.790442,-96.810159,0.066666,2015-09-19,19:00:00,American Airlines Center
276,"Dallas, TX, US","Garth Brooks at American Airlines Center (September 19, 2015)",32.790442,-96.810159,0.066666,2015-09-19,22:30:00,American Airlines Center
277,"Dallas, TX, US","Garth Brooks with Trisha Yearwood at American Airlines Center (September 20, 2015)",32.790442,-96.810159,0.066657,2015-09-20,19:30:00,American Airlines Center
278,"Dallas, TX, US","Garth Brooks with Trisha Yearwood at American Airlines Center (September 22, 2015)",32.790442,-96.810159,0.066629,2015-09-22,19:30:00,American Airlines Center
279,"Milwaukee, WI, US","Garth Brooks at BMO Harris Bradley Center (September 25, 2015)",43.043728,-87.917166,0.066596,2015-09-25,19:00:00,BMO Harris Bradley Center
280,"Milwaukee, WI, US","Garth Brooks at BMO Harris Bradley Center (September 26, 2015)",43.043728,-87.917166,0.066581,2015-09-26,19:00:00,BMO Harris Bradley Center
281,"Milwaukee, WI, US","Garth Brooks at BMO Harris Bradley Center (September 26, 2015)",43.043728,-87.917166,0.066581,2015-09-26,22:30:00,BMO Harris Bradley Center
282,"Cleveland, OH, US","Garth Brooks with Trisha Yearwood at Quicken Loans Arena (October 9, 2015)",41.4967035,-81.6894825,0.066446,2015-10-09,None,Quicken Loans Arena
283,"Cleveland, OH, US","Garth Brooks with Trisha Yearwood at Quicken Loans Arena (October 10, 2015)",41.4967035,-81.6894825,0.066446,2015-10-10,None,Quicken Loans Arena
284,"Phoenix, AZ, US","Garth Brooks and Trisha Yearwood at Talking Stick Resort Arena (October 16, 2015)",33.445899,-112.071313,0.066372,2015-10-16,19:00:00,Talking Stick Resort Arena
285,"Phoenix, AZ, US","Garth Brooks and Trisha Yearwood at Talking Stick Resort Arena (October 17, 2015)",33.445899,-112.071313,0.066365,2015-10-17,19:00:00,Talking Stick Resort Arena
286,"Phoenix, AZ, US","Garth Brooks and Trisha Yearwood at Talking Stick Resort Arena (October 23, 2015)",33.445899,-112.071313,0.066328,2015-10-23,19:00:00,Talking Stick Resort Arena
287,"Phoenix, AZ, US","Garth Brooks with Trisha Yearwood at Talking Stick Resort Arena (October 23, 2015)",33.445899,-112.071313,0.066328,2015-10-23,22:30:00,Talking Stick Resort Arena
288,"Phoenix, AZ, US","Garth Brooks with Trisha Yearwood at Talking Stick Resort Arena (October 24, 2015)",33.445899,-112.071313,0.066318,2015-10-24,19:00:00,Talking Stick Resort Arena
289,"Phoenix, AZ, US","Garth Brooks with Trisha Yearwood at Talking Stick Resort Arena (October 24, 2015)",33.445899,-112.071313,0.066318,2015-10-24,22:30:00,Talking Stick Resort Arena
290,"Salt Lake City, UT, US","Garth Brooks with Trisha Yearwood at Vivint Smart Home Arena (October 29, 2015)",40.7677204,-111.9011271,0.066269,2015-10-29,19:30:00,Vivint Smart Home Arena
291,"Salt Lake City, UT, US","Garth Brooks with Trisha Yearwood at Vivint Smart Home Arena (October 30, 2015)",40.7677204,-111.9011271,0.066271,2015-10-30,22:30:00,Vivint Smart Home Arena
292,"Salt Lake City, UT, US","Garth Brooks with Trisha Yearwood at Vivint Smart Home Arena (October 31, 2015)",40.7677204,-111.9011271,0.066267,2015-10-31,19:00:00,Vivint Smart Home Arena
293,"Valley Center, CA, US","Garth Brooks with Trisha Yearwood at Valley View Casino & Hotel (November 5, 2015)",33.2191286,-116.9733209,0.066254,2015-11-05,19:30:00,Valley View Casino & Hotel
294,"San Diego, CA, US","Garth Brooks with Trisha Yearwood at Valley View Casino Center (November 6, 2015)",32.7550767,-117.2117942,0.066252,2015-11-06,17:30:00,Valley View Casino Center
295,"San Diego, CA, US","Garth Brooks with Trisha Yearwood at Valley View Casino Center (November 7, 2015)",32.7550767,-117.2117942,0.066255,2015-11-07,22:15:00,Valley View Casino Center
296,"Valley Center, CA, US","Garth Brooks with Trisha Yearwood at Valley View Casino & Hotel (November 8, 2015)",33.2191286,-116.9733209,0.066251,2015-11-08,19:30:00,Valley View Casino & Hotel
297,"San Jose, CA, US","Garth Brooks and Trisha Yearwood at SAP Center at San Jose (November 13, 2015)",37.3325116,-121.9011855,0.065776,2015-11-13,19:00:00,SAP Center at San Jose
298,"San Jose, CA, US","Garth Brooks and Trisha Yearwood at SAP Center at San Jose (November 14, 2015)",37.3325116,-121.9011855,0.065776,2015-11-14,19:00:00,SAP Center at San Jose
299,"San Jose, CA, US","Garth Brooks and Trisha Yearwood at SAP Center at San Jose (November 15, 2015)",37.3325116,-121.9011855,0.065776,2015-11-15,19:30:00,SAP Center at San Jose
300,"Wichita, KS, US","Garth Brooks with Trisha Yearwood at Intrust Bank Arena (December 3, 2015)",37.6826661,-97.3321472,0.065878,2015-12-03,19:30:00,Intrust Bank Arena
301,"Wichita, KS, US","Garth Brooks with Trisha Yearwood at Intrust Bank Arena (December 4, 2015)",37.6826661,-97.3321472,0.065866,2015-12-04,07:00:00,Intrust Bank Arena
302,"Wichita, KS, US","Garth Brooks with Trisha Yearwood at Intrust Bank Arena (December 5, 2015)",37.6826661,-97.3321472,0.06586,2015-12-05,22:30:00,Intrust Bank Arena
303,"Wichita, KS, US","Garth Brooks with Trisha Yearwood at Intrust Bank Arena (December 6, 2015)",37.6826661,-97.3321472,0.065845,2015-12-06,15:00:00,Intrust Bank Arena
304,"Sunrise, FL, US","Garth Brooks and Trisha Yearwood at BB&T Center (January 14, 2016)",26.155362,-80.33023,0.065369,2016-01-14,19:30:00,BB&T Center
305,"Sunrise, FL, US","Garth Brooks and Trisha Yearwood at BB&T Center (January 15, 2016)",26.155362,-80.33023,0.065362,2016-01-15,19:00:00,BB&T Center
306,"Sunrise, FL, US","Garth Brooks and Trisha Yearwood at BB&T Center (January 16, 2016)",26.155362,-80.33023,0.065348,2016-01-16,19:00:00,BB&T Center
307,"Baltimore, MD, US","Garth Brooks and Trisha Yearwood at Royal Farms Arena (January 22, 2016)",39.2884951,-76.6186943,0.065264,2016-01-22,19:00:00,Royal Farms Arena
308,"Baltimore, MD, US","Garth Brooks and Trisha Yearwood at Royal Farms Arena (January 23, 2016)",39.2884951,-76.6186943,0.065253,2016-01-23,19:00:00,Royal Farms Arena
309,"Baltimore, MD, US","Garth Brooks and Trisha Yearwood at Royal Farms Arena (January 23, 2016)",39.2884951,-76.6186943,0.065253,2016-01-23,22:30:00,Royal Farms Arena
310,"Baltimore, MD, US","Garth Brooks and Trisha Yearwood at Royal Farms Arena (January 24, 2016)",39.2884951,-76.6186943,0.065238,2016-01-24,15:00:00,Royal Farms Arena
311,"Baltimore, MD, US","Garth Brooks and Trisha Yearwood at Royal Farms Arena (January 24, 2016)",39.2884951,-76.6186943,0.065238,2016-01-24,19:30:00,Royal Farms Arena
312,"Baltimore, MD, US","Garth Brooks and Trisha Yearwood at Royal Farms Arena (January 26, 2016)",39.2884951,-76.6186943,0.06518,2016-01-26,19:30:00,Royal Farms Arena
313,"Baltimore, MD, US","Garth Brooks and Trisha Yearwood at Royal Farms Arena (January 27, 2016)",39.2884951,-76.6186943,0.065158,2016-01-27,19:30:00,Royal Farms Arena
314,"Baltimore, MD, US","Garth Brooks and Trisha Yearwood at Royal Farms Arena (January 28, 2016)",39.2884951,-76.6186943,0.065137,2016-01-28,19:30:00,Royal Farms Arena
315,"Baltimore, MD, US","Garth Brooks and Trisha Yearwood at Royal Farms Arena (January 29, 2016)",39.2884951,-76.6186943,0.065124,2016-01-29,19:00:00,Royal Farms Arena
316,"Baltimore, MD, US","Garth Brooks and Trisha Yearwood at Royal Farms Arena (January 29, 2016)",39.2884951,-76.6186943,0.065124,2016-01-29,22:30:00,Royal Farms Arena
317,"Baltimore, MD, US","Garth Brooks and Trisha Yearwood at Royal Farms Arena (January 30, 2016)",39.2884951,-76.6186943,0.065101,2016-01-30,19:00:00,Royal Farms Arena
318,"Baltimore, MD, US","Garth Brooks and Trisha Yearwood at Royal Farms Arena (January 30, 2016)",39.2884951,-76.6186943,0.065101,2016-01-30,22:30:00,Royal Farms Arena
319,"Baltimore, MD, US","Garth Brooks and Trisha Yearwood at Royal Farms Arena (January 31, 2016)",39.2884951,-76.6186943,0.065079,2016-01-31,15:00:00,Royal Farms Arena
320,"Baltimore, MD, US","Garth Brooks and Trisha Yearwood at Royal Farms Arena (January 31, 2016)",39.2884951,-76.6186943,0.065079,2016-01-31,19:00:00,Royal Farms Arena
321,"North Charleston, SC, US","Garth Brooks and Trisha Yearwood at North Charleston Coliseum & Performing Arts Center (February 12, 2016)",32.8674796,-80.021241,0.064869,2016-02-12,19:00:00,North Charleston Coliseum & Performing Arts Center
322,"North Charleston, SC, US","Garth Brooks and Trisha Yearwood at North Charleston Coliseum & Performing Arts Center (February 13, 2016)",32.8674796,-80.021241,0.064852,2016-02-13,19:00:00,North Charleston Coliseum & Performing Arts Center
323,"North Charleston, SC, US","Garth Brooks and Trisha Yearwood at North Charleston Coliseum & Performing Arts Center (February 13, 2016)",32.8674796,-80.021241,0.064852,2016-02-13,22:30:00,North Charleston Coliseum & Performing Arts Center
324,"North Charleston, SC, US","Garth Brooks and Trisha Yearwood at North Charleston Coliseum & Performing Arts Center (February 14, 2016)",32.8674796,-80.021241,0.064841,2016-02-14,19:30:00,North Charleston Coliseum & Performing Arts Center
325,"Worcester, MA, US","Garth Brooks and Trisha Yearwood at DCU Center (February 26, 2016)",42.2660513,-71.7985725,0.064642,2016-02-26,19:00:00,DCU Center
326,"Worcester, MA, US","Garth Brooks and Trisha Yearwood at DCU Center (February 27, 2016)",42.2660513,-71.7985725,0.064619,2016-02-27,19:00:00,DCU Center
327,"Worcester, MA, US","Garth Brooks and Trisha Yearwood at DCU Center (February 28, 2016)",42.2660513,-71.7985725,0.064603,2016-02-28,19:30:00,DCU Center
328,"Raleigh, NC, US","Garth Brooks with Trisha Yearwood at PNC Arena (March 11, 2016)",35.803475,-78.721933,0.063237,2016-03-11,None,PNC Arena
329,"Raleigh, NC, US","Garth Brooks and Trisha Yearwood at PNC Arena (March 12, 2016)",35.803475,-78.721933,0.064417,2016-03-12,19:00:00,PNC Arena
330,"Raleigh, NC, US","Garth Brooks and Trisha Yearwood at PNC Arena (March 13, 2016)",35.803475,-78.721933,0.064406,2016-03-13,19:30:00,PNC Arena
331,"Louisville, KY, US","Garth Brooks and Trisha Yearwood at KFC Yum! Center (April 8, 2016)",38.2566416,-85.7539205,0.063976,2016-04-08,19:00:00,KFC Yum! Center
332,"Louisville, KY, US","Garth Brooks and Trisha Yearwood at KFC Yum! Center (April 8, 2016)",38.2566416,-85.7539205,0.063976,2016-04-08,22:30:00,KFC Yum! Center
333,"Louisville, KY, US","Garth Brooks and Trisha Yearwood at KFC Yum! Center (April 9, 2016)",38.2566416,-85.7539205,0.06397,2016-04-09,19:00:00,KFC Yum! Center
334,"Louisville, KY, US","Garth Brooks and Trisha Yearwood at KFC Yum! Center (April 9, 2016)",38.2566416,-85.7539205,0.06397,2016-04-09,22:30:00,KFC Yum! Center
335,"Columbus, OH, US","Garth Brooks and Trisha Yearwood at Value City Arena, Schottenstein Center (April 15, 2016)",40.0080079,-83.0249081,0.063896,2016-04-15,19:00:00,"Value City Arena, Schottenstein Center"
336,"Columbus, OH, US","Garth Brooks and Trisha Yearwood at Value City Arena, Schottenstein Center (April 16, 2016)",40.0080079,-83.0249081,0.063881,2016-04-16,20:30:00,"Value City Arena, Schottenstein Center"
337,"Columbus, OH, US","Garth Brooks and Trisha Yearwood at Value City Arena, Schottenstein Center (April 17, 2016)",40.0080079,-83.0249081,0.063858,2016-04-17,19:30:00,"Value City Arena, Schottenstein Center"
338,"Columbus, OH, US","Garth Brooks and Trisha Yearwood at Value City Arena, Schottenstein Center (April 22, 2016)",40.0080079,-83.0249081,0.063788,2016-04-22,19:00:00,"Value City Arena, Schottenstein Center"
339,"Columbus, OH, US","Garth Brooks and Trisha Yearwood at Value City Arena, Schottenstein Center (April 23, 2016)",40.0080079,-83.0249081,0.063773,2016-04-23,19:00:00,"Value City Arena, Schottenstein Center"
340,"Columbus, OH, US","Garth Brooks and Trisha Yearwood at Value City Arena, Schottenstein Center (April 24, 2016)",40.0080079,-83.0249081,0.063759,2016-04-24,19:30:00,"Value City Arena, Schottenstein Center"
341,"Des Moines, IA, US","Garth Brooks with Trisha Yearwood at Wells Fargo Arena (April 29, 2016)",41.592634,-93.620982,0.06369,2016-04-29,None,Wells Fargo Arena
342,"Des Moines, IA, US","Garth Brooks with Trisha Yearwood at Wells Fargo Arena (April 30, 2016)",41.592634,-93.620982,0.063676,2016-04-30,None,Wells Fargo Arena
343,"Des Moines, IA, US","Garth Brooks with Trisha Yearwood at Wells Fargo Arena (May 1, 2016)",41.592634,-93.620982,0.063668,2016-05-01,None,Wells Fargo Arena
344,"Des Moines, IA, US","Garth Brooks with Trisha Yearwood at Wells Fargo Arena (May 3, 2016)",41.592634,-93.620982,0.063639,2016-05-03,None,Wells Fargo Arena
345,"Fargo, ND, US","Garth Brooks with Trisha Yearwood at Fargodome (May 5, 2016)",46.902928,-96.801762,0.063599,2016-05-05,None,Fargodome
346,"Fargo, ND, US","Garth Brooks with Trisha Yearwood at Fargodome (May 6, 2016)",46.902928,-96.801762,0.063571,2016-05-06,None,Fargodome
347,"Fargo, ND, US","Garth Brooks with Trisha Yearwood at Fargodome (May 7, 2016)",46.902928,-96.801762,0.063556,2016-05-07,None,Fargodome
348,"Fargo, ND, US","Garth Brooks with Trisha Yearwood at Fargodome (May 8, 2016)",46.902928,-96.801762,0.063536,2016-05-08,None,Fargodome
349,"Las Vegas, NV, US","Garth Brooks and Trisha Yearwood at T-Mobile Arena (June 24, 2016)",36.103518,-115.173592,0.062753,2016-06-24,05:30:00,T-Mobile Arena
350,"Las Vegas, NV, US","Garth Brooks and Trisha Yearwood at T-Mobile Arena (June 25, 2016)",36.103518,-115.173592,0.062738,2016-06-25,05:30:00,T-Mobile Arena
351,"Las Vegas, NV, US","Garth Brooks and Trisha Yearwood at T-Mobile Arena (July 2, 2016)",36.103518,-115.173592,0.062597,2016-07-02,05:30:00,T-Mobile Arena
352,"Las Vegas, NV, US","Garth Brooks with Trisha Yearwood at T-Mobile Arena (July 3, 2016)",36.103518,-115.173592,0.06258,2016-07-03,None,T-Mobile Arena
353,"Las Vegas, NV, US","Garth Brooks and Trisha Yearwood at T-Mobile Arena (July 4, 2016)",36.103518,-115.173592,0.062557,2016-07-04,03:30:00,T-Mobile Arena
354,"Bronx, NY, US","Garth Brooks and Trisha Yearwood at Yankee Stadium (July 8, 2016)",40.8296504,-73.9294799,0.062474,2016-07-08,20:30:00,Yankee Stadium
355,"Bronx, NY, US","Garth Brooks and Trisha Yearwood at Yankee Stadium (July 9, 2016)",40.8296504,-73.9294799,0.062462,2016-07-09,20:30:00,Yankee Stadium
356,"San Antonio, TX, US","Garth Brooks and Trisha Yearwood at AT&T Center (July 22, 2016)",29.4270165,-98.4373167,0.062282,2016-07-22,19:00:00,AT&T Center
357,"San Antonio, TX, US","Garth Brooks and Trisha Yearwood at AT&T Center (July 23, 2016)",29.4270165,-98.4373167,0.062271,2016-07-23,19:00:00,AT&T Center
358,"San Antonio, TX, US","Garth Brooks and Trisha Yearwood at AT&T Center (July 23, 2016)",29.4270165,-98.4373167,0.062271,2016-07-23,22:30:00,AT&T Center
359,"San Antonio, TX, US","Garth Brooks and Trisha Yearwood at AT&T Center (July 24, 2016)",29.4270165,-98.4373167,0.062262,2016-07-24,19:30:00,AT&T Center
360,"Bossier City, LA, US","Garth Brooks and Trisha Yearwood at CenturyLink Center (July 29, 2016)",32.468896,-93.670497,0.062205,2016-07-29,19:00:00,CenturyLink Center
361,"Bossier City, LA, US","Garth Brooks and Trisha Yearwood at CenturyLink Center (July 30, 2016)",32.468896,-93.670497,0.062189,2016-07-30,19:00:00,CenturyLink Center
362,"Bossier City, LA, US","Garth Brooks and Trisha Yearwood at CenturyLink Center (July 30, 2016)",32.468896,-93.670497,0.062189,2016-07-30,22:30:00,CenturyLink Center
363,"Anaheim, CA, US","Garth Brooks and Trisha Yearwood at Honda Center (September 16, 2016)",33.807723,-117.876522,0.061231,2016-09-16,19:00:00,Honda Center
364,"Anaheim, CA, US","Garth Brooks and Trisha Yearwood at Honda Center (September 17, 2016)",33.807723,-117.876522,0.061216,2016-09-17,19:00:00,Honda Center
365,"Anaheim, CA, US","Garth Brooks and Trisha Yearwood at Honda Center (September 18, 2016)",33.807723,-117.876522,0.061183,2016-09-18,19:30:00,Honda Center
366,"Fresno, CA, US","Garth Brooks and Trisha Yearwood at Save Mart Center (September 23, 2016)",36.8086546,-119.7394542,0.061062,2016-09-23,19:00:00,Save Mart Center
367,"Fresno, CA, US","Garth Brooks and Trisha Yearwood at Save Mart Center (September 24, 2016)",36.8086546,-119.7394542,0.061039,2016-09-24,19:00:00,Save Mart Center
368,"Fresno, CA, US","Garth Brooks and Trisha Yearwood at Save Mart Center (September 24, 2016)",36.8086546,-119.7394542,0.061039,2016-09-24,22:30:00,Save Mart Center
369,"Fresno, CA, US","Garth Brooks and Trisha Yearwood at Save Mart Center (September 25, 2016)",36.8086546,-119.7394542,0.061021,2016-09-25,19:30:00,Save Mart Center
370,"Orlando, FL, US","Garth Brooks and Trisha Yearwood at Amway Center (October 6, 2016)",28.548781,-81.386912,0.060754,2016-10-06,19:30:00,Amway Center
371,"Orlando, FL, US","Garth Brooks and Trisha Yearwood at Amway Center (October 7, 2016)",28.548781,-81.386912,0.060726,2016-10-07,19:00:00,Amway Center
372,"Orlando, FL, US","Garth Brooks and Trisha Yearwood at Amway Center (October 8, 2016)",28.548781,-81.386912,0.060702,2016-10-08,19:00:00,Amway Center
373,"Orlando, FL, US","Garth Brooks and Trisha Yearwood at Amway Center (October 8, 2016)",28.548781,-81.386912,0.060702,2016-10-08,15:00:00,Amway Center
374,"Orlando, FL, US","Garth Brooks and Trisha Yearwood at Amway Center (October 9, 2016)",28.548781,-81.386912,0.060677,2016-10-09,19:30:00,Amway Center
375,"Orlando, FL, US","Garth Brooks and Trisha Yearwood at Amway Center (October 9, 2016)",28.548781,-81.386912,0.060677,2016-10-09,15:00:00,Amway Center
376,"Charleston, WV, US","Garth Brooks and Trisha Yearwood at Charleston Civic Center (October 21, 2016)",38.3556897,-81.6409451,0.060358,2016-10-21,19:00:00,Charleston Civic Center
377,"Charleston, WV, US","Garth Brooks and Trisha Yearwood at Charleston Civic Center (October 22, 2016)",38.3556897,-81.6409451,0.060338,2016-10-22,19:00:00,Charleston Civic Center
378,"Charleston, WV, US","Garth Brooks and Trisha Yearwood at Charleston Civic Center (October 22, 2016)",38.3556897,-81.6409451,0.060338,2016-10-22,22:30:00,Charleston Civic Center
379,"Charleston, WV, US","Garth Brooks and Trisha Yearwood with Eric Paslay, Karyn Rochelle, and 1 more… at Charleston Civic Center (October 23, 2016)",38.3556897,-81.6409451,0.052964,2016-10-23,19:30:00,Charleston Civic Center
380,"Richmond, VA, US","Garth Brooks and Trisha Yearwood at Richmond Coliseum (November 11, 2016)",37.5446732,-77.4344705,0.059907,2016-11-11,19:00:00,Richmond Coliseum
381,"Richmond, VA, US","Garth Brooks and Trisha Yearwood at Richmond Coliseum (November 12, 2016)",37.5446732,-77.4344705,0.05989,2016-11-12,19:00:00,Richmond Coliseum
382,"Richmond, VA, US","Garth Brooks and Trisha Yearwood at Richmond Coliseum (November 13, 2016)",37.5446732,-77.4344705,0.059864,2016-11-13,15:00:00,Richmond Coliseum
383,"Richmond, VA, US","Garth Brooks and Trisha Yearwood at Richmond Coliseum (November 13, 2016)",37.5446732,-77.4344705,0.059864,2016-11-13,19:30:00,Richmond Coliseum
384,"Greenville, SC, US","Garth Brooks and Trisha Yearwood at Bon Secours Wellness Arena (November 18, 2016)",34.8528071,-82.3916281,0.059767,2016-11-18,19:00:00,Bon Secours Wellness Arena
385,"Greenville, SC, US","Garth Brooks and Trisha Yearwood at Bon Secours Wellness Arena (November 19, 2016)",34.8528071,-82.3916281,0.059742,2016-11-19,19:00:00,Bon Secours Wellness Arena
386,"Greenville, SC, US","Garth Brooks and Trisha Yearwood at Bon Secours Wellness Arena (November 20, 2016)",34.8528071,-82.3916281,0.059709,2016-11-20,19:00:00,Bon Secours Wellness Arena
387,"Honolulu, HI, US","Garth Brooks and Trisha Yearwood at Neal S. Blaisdell Center (December 8, 2016)",21.2990819,-157.8516131,0.059262,2016-12-08,20:00:00,Neal S. Blaisdell Center
388,"Honolulu, HI, US","Garth Brooks and Trisha Yearwood at Neal S. Blaisdell Center (December 9, 2016)",21.2990819,-157.8516131,0.059235,2016-12-09,20:00:00,Neal S. Blaisdell Center
389,"Honolulu, HI, US","Garth Brooks and Trisha Yearwood at Neal S. Blaisdell Center (December 10, 2016)",21.2990819,-157.8516131,0.059211,2016-12-10,18:30:00,Neal S. Blaisdell Center
390,"Honolulu, HI, US","Garth Brooks and Trisha Yearwood at Neal S. Blaisdell Center (December 10, 2016)",21.2990819,-157.8516131,0.059211,2016-12-10,22:00:00,Neal S. Blaisdell Center
391,"Cincinnati, OH, US","Garth Brooks and Trisha Yearwood at US Bank Arena (January 21, 2017)",39.097929,-84.504088,0.05846,2017-01-21,19:00:00,US Bank Arena
392,"Cincinnati, OH, US","Garth Brooks and Trisha Yearwood at US Bank Arena (January 22, 2017)",39.097929,-84.504088,0.058439,2017-01-22,19:00:00,US Bank Arena
393,"Cincinnati, OH, US","Garth Brooks and Trisha Yearwood at US Bank Arena (January 27, 2017)",39.097929,-84.504088,0.058315,2017-01-27,19:00:00,US Bank Arena
394,"Cincinnati, OH, US","Garth Brooks and Trisha Yearwood at US Bank Arena (January 28, 2017)",39.097929,-84.504088,0.058304,2017-01-28,19:00:00,US Bank Arena
395,"Cincinnati, OH, US","Garth Brooks and Trisha Yearwood at US Bank Arena (January 29, 2017)",39.097929,-84.504088,0.058287,2017-01-29,19:00:00,US Bank Arena
396,"Memphis, TN, US","Garth Brooks and Trisha Yearwood at FedEx Forum (February 2, 2017)",35.1395093,-90.0517042,0.058212,2017-02-02,19:30:00,FedEx Forum
397,"Memphis, TN, US","Garth Brooks and Trisha Yearwood at FedEx Forum (February 3, 2017)",35.1395093,-90.0517042,0.058188,2017-02-03,19:00:00,FedEx Forum
398,"Memphis, TN, US","Garth Brooks and Trisha Yearwood at FedEx Forum (February 4, 2017)",35.1395093,-90.0517042,0.058167,2017-02-04,19:30:00,FedEx Forum
399,"Albany, NY, US","Garth Brooks and Trisha Yearwood at Times Union Center (March 10, 2017)",42.64834,-73.753957,0.057523,2017-03-10,19:00:00,Times Union Center
400,"Albany, NY, US","Garth Brooks and Trisha Yearwood at Times Union Center (March 11, 2017)",42.64834,-73.753957,0.057509,2017-03-11,19:00:00,Times Union Center
401,"Albany, NY, US","Garth Brooks and Trisha Yearwood at Times Union Center (March 12, 2017)",42.64834,-73.753957,0.057496,2017-03-12,19:00:00,Times Union Center
402,"Austin, TX, US","Garth Brooks at Sxsw Outdoor Stage at Ladybird Lake (March 18, 2017)",30.262517,-97.7515831,0.057408,2017-03-18,11:00:00,Sxsw Outdoor Stage at Ladybird Lake
403,"Las Cruces, NM, US","Garth Brooks and Trisha Yearwood at Pan American Center (April 7, 2017)",32.2860216,-106.7432778,0.057139,2017-04-07,19:00:00,Pan American Center
404,"Las Cruces, NM, US","Garth Brooks and Trisha Yearwood at Pan American Center (April 8, 2017)",32.2860216,-106.7432778,0.057134,2017-04-08,19:00:00,Pan American Center
405,"Las Cruces, NM, US","Garth Brooks and Trisha Yearwood at Pan American Center (April 9, 2017)",32.2860216,-106.7432778,0.057123,2017-04-09,15:00:00,Pan American Center
406,"Las Cruces, NM, US","Garth Brooks and Trisha Yearwood at Pan American Center (April 9, 2017)",32.2860216,-106.7432778,0.057123,2017-04-09,19:00:00,Pan American Center
407,"Champaign, IL, US","Garth Brooks with Trisha Yearwood at Unknown venue (April 28, 2017)",40.1164204,-88.2433829,0.056849,2017-04-28,19:00:00,Unknown venue
408,"Champaign, IL, US","Garth Brooks with Trisha Yearwood at Unknown venue (April 29, 2017)",40.1164204,-88.2433829,0.056838,2017-04-29,15:00:00,Unknown venue
409,"Champaign, IL, US","Garth Brooks with Trisha Yearwood at Unknown venue (April 29, 2017)",40.1164204,-88.2433829,0.056838,2017-04-29,19:30:00,Unknown venue
410,"Champaign, IL, US","Garth Brooks with Trisha Yearwood at Unknown venue (April 30, 2017)",40.1164204,-88.2433829,0.056834,2017-04-30,19:30:00,Unknown venue
411,"Kansas City, MO, US","Garth Brooks with Trisha Yearwood at Sprint Center (May 5, 2017)",39.0971547,-94.5810277,0.056761,2017-05-05,None,Sprint Center
412,"Kansas City, MO, US","Garth Brooks with Trisha Yearwood at Sprint Center (May 6, 2017)",39.0971547,-94.5810277,0.05675,2017-05-06,None,Sprint Center
413,"Kansas City, MO, US","Garth Brooks with Trisha Yearwood at Sprint Center (May 7, 2017)",39.0971547,-94.5810277,0.05674,2017-05-07,None,Sprint Center
414,"Kansas City, MO, US","Garth Brooks with Trisha Yearwood at Sprint Center (May 12, 2017)",39.0971547,-94.5810277,0.056669,2017-05-12,None,Sprint Center
415,"Kansas City, MO, US","Garth Brooks with Trisha Yearwood at Sprint Center (May 13, 2017)",39.0971547,-94.5810277,0.056656,2017-05-13,None,Sprint Center
416,"Lafayette, LA, US","Garth Brooks and Trisha Yearwood at Cajundome (June 23, 2017)",30.218448,-92.03887,0.056146,2017-06-23,19:00:00,Cajundome
417,"Lafayette, LA, US","Garth Brooks and Trisha Yearwood at Cajundome (June 24, 2017)",30.218448,-92.03887,0.056137,2017-06-24,19:30:00,Cajundome
418,"Lafayette, LA, US","Garth Brooks and Trisha Yearwood at Cajundome (June 25, 2017)",30.218448,-92.03887,0.056126,2017-06-25,19:30:00,Cajundome
419,"Lafayette, LA, US","Garth Brooks and Trisha Yearwood at Cajundome (June 30, 2017)",30.218448,-92.03887,0.056052,2017-06-30,19:00:00,Cajundome
420,"Lafayette, LA, US","Garth Brooks and Trisha Yearwood at Cajundome (July 1, 2017)",30.218448,-92.03887,0.056041,2017-07-01,19:30:00,Cajundome
421,"Oklahoma City, OK, US","Garth Brooks and Trisha Yearwood at Chesapeake Energy Arena (July 14, 2017)",35.463391,-97.514594,0.055873,2017-07-14,19:00:00,Chesapeake Energy Arena
422,"Oklahoma City, OK, US","Garth Brooks and Trisha Yearwood at Chesapeake Energy Arena (July 14, 2017)",35.463391,-97.514594,0.055873,2017-07-14,22:30:00,Chesapeake Energy Arena
423,"Oklahoma City, OK, US","Garth Brooks and Trisha Yearwood at Chesapeake Energy Arena (July 15, 2017)",35.463391,-97.514594,0.055866,2017-07-15,19:30:00,Chesapeake Energy Arena
424,"Oklahoma City, OK, US","Garth Brooks and Trisha Yearwood at Chesapeake Energy Arena (July 15, 2017)",35.463391,-97.514594,0.055866,2017-07-15,15:00:00,Chesapeake Energy Arena
425,"Inglewood, CA, US","Garth Brooks and Trisha Yearwood at The Forum (July 21, 2017)",33.9582047,-118.3405316,0.055799,2017-07-21,19:00:00,The Forum
426,"Inglewood, CA, US","Garth Brooks and Trisha Yearwood at The Forum (July 22, 2017)",33.9582047,-118.3405316,0.055789,2017-07-22,19:30:00,The Forum
427,"Paso Robles, CA, US","Trisha Yearwood and Garth Brooks at California Mid-State Fairgrounds (July 27, 2017)",35.6382601,-120.6874827,0.055723,2017-07-27,19:30:00,California Mid-State Fairgrounds
428,"Paso Robles, CA, US","Garth Brooks and Trisha Yearwood at California Mid-State Fairgrounds (July 27, 2017)",35.6382601,-120.6874827,0.055723,2017-07-27,22:30:00,California Mid-State Fairgrounds
429,"Inglewood, CA, US","Garth Brooks and Trisha Yearwood at The Forum (July 28, 2017)",33.9582047,-118.3405316,0.055708,2017-07-28,19:00:00,The Forum
430,"Inglewood, CA, US","Garth Brooks and Trisha Yearwood at The Forum (July 29, 2017)",33.9582047,-118.3405316,0.055694,2017-07-29,19:30:00,The Forum
431,"Sioux Falls, SD, US","Trisha Yearwood and Garth Brooks at Denny Sanford Premier Center (September 15, 2017)",43.5612074,-96.7508066,0.054676,2017-09-15,19:00:00,Denny Sanford Premier Center
432,"Sioux Falls, SD, US","Trisha Yearwood and Garth Brooks at Denny Sanford Premier Center (September 16, 2017)",43.5612074,-96.7508066,0.054663,2017-09-16,19:30:00,Denny Sanford Premier Center
433,"Sioux Falls, SD, US","Trisha Yearwood and Garth Brooks at Denny Sanford Premier Center (September 16, 2017)",43.5612074,-96.7508066,0.054663,2017-09-16,15:00:00,Denny Sanford Premier Center
434,"Sioux Falls, SD, US","Trisha Yearwood and Garth Brooks at Denny Sanford Premier Center (September 17, 2017)",43.5612074,-96.7508066,0.054643,2017-09-17,19:30:00,Denny Sanford Premier Center
435,"Nashville, TN, US","Kris Kristofferson, Garth Brooks, Trisha Yearwood, Trace Adkins, and 3 more… at Ryman Auditorium (September 20, 2017)",36.1611688,-86.7786881,0.058022,2017-09-20,19:30:00,Ryman Auditorium
436,"Sioux Falls, SD, US","Trisha Yearwood and Garth Brooks at Denny Sanford Premier Center (September 22, 2017)",43.5612074,-96.7508066,0.054556,2017-09-22,19:00:00,Denny Sanford Premier Center
437,"Sioux Falls, SD, US","Trisha Yearwood and Garth Brooks at Denny Sanford Premier Center (September 23, 2017)",43.5612074,-96.7508066,0.054541,2017-09-23,19:30:00,Denny Sanford Premier Center
438,"Sioux Falls, SD, US","Garth Brooks and Trisha Yearwood at Denny Sanford Premier Center (September 23, 2017)",43.5612074,-96.7508066,0.054541,2017-09-23,15:00:00,Denny Sanford Premier Center
439,"Sioux Falls, SD, US","Trisha Yearwood and Garth Brooks at Denny Sanford Premier Center (September 24, 2017)",43.5612074,-96.7508066,0.054521,2017-09-24,19:30:00,Denny Sanford Premier Center
440,"Sioux Falls, SD, US","Trisha Yearwood and Garth Brooks at Denny Sanford Premier Center (September 24, 2017)",43.5612074,-96.7508066,0.054521,2017-09-24,15:00:00,Denny Sanford Premier Center
441,"Indianapolis, IN, US","Trisha Yearwood and Garth Brooks at Bankers Life Fieldhouse (October 5, 2017)",39.7640468,-86.1554765,0.054271,2017-10-05,19:30:00,Bankers Life Fieldhouse
442,"Indianapolis, IN, US","Trisha Yearwood and Garth Brooks at Bankers Life Fieldhouse (October 6, 2017)",39.7640468,-86.1554765,0.054257,2017-10-06,19:00:00,Bankers Life Fieldhouse
443,"Indianapolis, IN, US","Garth Brooks and Trisha Yearwood at Bankers Life Fieldhouse (October 7, 2017)",39.7640468,-86.1554765,0.054249,2017-10-07,19:30:00,Bankers Life Fieldhouse
444,"Indianapolis, IN, US","Trisha Yearwood and Garth Brooks at Bankers Life Fieldhouse (October 7, 2017)",39.7640468,-86.1554765,0.054249,2017-10-07,15:00:00,Bankers Life Fieldhouse
445,"Indianapolis, IN, US","Trisha Yearwood and Garth Brooks at Bankers Life Fieldhouse (October 8, 2017)",39.7640468,-86.1554765,0.054241,2017-10-08,19:30:00,Bankers Life Fieldhouse
446,"Atlanta, GA, US","Garth Brooks at Mercedes-benz Stadium (October 12, 2017)",33.7576897,-84.4008285,0.054199,2017-10-12,19:30:00,Mercedes-benz Stadium
447,"Lincoln, NE, US","Trisha Yearwood and Garth Brooks at Pinnacle Bank Arena (October 20, 2017)",40.8184465,-96.7128179,0.054123,2017-10-20,19:00:00,Pinnacle Bank Arena
448,"Lincoln, NE, US","Garth Brooks and Trisha Yearwood at Pinnacle Bank Arena (October 21, 2017)",40.8184465,-96.7128179,0.054116,2017-10-21,19:30:00,Pinnacle Bank Arena
449,"Lincoln, NE, US","Trisha Yearwood and Garth Brooks at Pinnacle Bank Arena (October 21, 2017)",40.8184465,-96.7128179,0.054116,2017-10-21,15:00:00,Pinnacle Bank Arena
450,"Lincoln, NE, US","Trisha Yearwood and Garth Brooks at Pinnacle Bank Arena (October 22, 2017)",40.8184465,-96.7128179,0.054109,2017-10-22,15:00:00,Pinnacle Bank Arena
451,"Lincoln, NE, US","Trisha Yearwood and Garth Brooks at Pinnacle Bank Arena (October 22, 2017)",40.8184465,-96.7128179,0.054109,2017-10-22,19:30:00,Pinnacle Bank Arena
452,"Tacoma, WA, US","Trisha Yearwood and Garth Brooks at Tacoma Dome (November 3, 2017)",47.23634,-122.426834,0.053983,2017-11-03,19:00:00,Tacoma Dome
453,"Tacoma, WA, US","Garth Brooks and Trisha Yearwood at Tacoma Dome (November 4, 2017)",47.23634,-122.426834,0.05398,2017-11-04,19:30:00,Tacoma Dome
454,"Tacoma, WA, US","Trisha Yearwood and Garth Brooks at Tacoma Dome (November 4, 2017)",47.23634,-122.426834,0.05398,2017-11-04,14:00:00,Tacoma Dome
455,"Tacoma, WA, US","Trisha Yearwood and Garth Brooks at Tacoma Dome (November 5, 2017)",47.23634,-122.426834,0.053969,2017-11-05,14:00:00,Tacoma Dome
456,"Tacoma, WA, US","Trisha Yearwood and Garth Brooks at Tacoma Dome (November 5, 2017)",47.23634,-122.426834,0.053969,2017-11-05,19:30:00,Tacoma Dome
457,"Newark, NJ, US","Garth Brooks and Trisha Yearwood with Karyn Rochelle and Mitch Rossell at Prudential Center (December 1, 2017)",40.733747,-74.170268,0.05361,2017-12-01,19:00:00,Prudential Center
458,"Newark, NJ, US","Garth Brooks and Trisha Yearwood at Prudential Center (December 2, 2017)",40.733747,-74.170268,0.0536,2017-12-02,19:30:00,Prudential Center
459,"Newark, NJ, US","Garth Brooks and Trisha Yearwood at Prudential Center (December 3, 2017)",40.733747,-74.170268,0.053588,2017-12-03,19:30:00,Prudential Center
460,"Nashville, TN, US","Trisha Yearwood and Garth Brooks at Bridgestone Arena (December 9, 2017)",36.159949,-86.77857,0.053524,2017-12-09,19:30:00,Bridgestone Arena
461,"Nashville, TN, US","Trisha Yearwood and Garth Brooks at Bridgestone Arena (December 10, 2017)",36.159949,-86.77857,0.053517,2017-12-10,19:30:00,Bridgestone Arena
462,"Nashville, TN, US","Trisha Yearwood and Garth Brooks at Bridgestone Arena (December 15, 2017)",36.159949,-86.77857,0.053463,2017-12-15,19:00:00,Bridgestone Arena
463,"Nashville, TN, US","Garth Brooks and Trisha Yearwood at Bridgestone Arena (December 16, 2017)",36.159949,-86.77857,0.053455,2017-12-16,19:30:00,Bridgestone Arena
464,"Nashville, TN, US","Trisha Yearwood and Garth Brooks at Bridgestone Arena (December 17, 2017)",36.159949,-86.77857,0.053444,2017-12-17,19:30:00,Bridgestone Arena
465,"Nashville, TN, US","Trisha Yearwood and Garth Brooks at Bridgestone Arena (December 22, 2017)",36.159949,-86.77857,0.053408,2017-12-22,19:00:00,Bridgestone Arena
466,"Nashville, TN, US","Garth Brooks and Trisha Yearwood at Bridgestone Arena (December 23, 2017)",36.159949,-86.77857,0.053399,2017-12-23,19:30:00,Bridgestone Arena
467,"Houston, TX, US","Garth Brooks at Rodeo Houston (February 27, 2018)",29.6871556,-95.4054645,0.052979,2018-02-27,None,Rodeo Houston
468,"Houston, TX, US","Garth Brooks at Rodeo Houston (March 18, 2018)",29.6871556,-95.4054645,0.052878,2018-03-18,None,Rodeo Houston
469,"Indio, CA, US",Stagecoach Country Music Festival 2018,33.68233,-116.23892,0.187229,2018-04-27,None,Empire Polo Club
