Event Number,City,Event Name,Latitude,Longitude,Popularity,Start Date,Start Time,Venue
1,"Atlanta, GA, US",Music Midtown 2001,33.9939576,-84.0487827,0.402024,2001-05-04,None,Unknown venue
2,"Northampton, MA, US","Stephen Kellogg And The Sixers with John Mayer at Iron Horse Music Hall (June 13, 2001)",42.3192349,-72.6320768,0.438232,2001-06-13,None,Iron Horse Music Hall
3,"Cincinnati, OH, US","John Mayer at Bogart's Cincinnati (August 24, 2001)",39.1299111,-84.5095387,0.438232,2001-08-24,None,Bogart's Cincinnati
4,"Portland, OR, US","John Mayer at Peter's Room, Roseland Theater (October 6, 2001)",45.5233441,-122.6763299,0.438232,2001-10-06,None,"Peter's Room, Roseland Theater"
5,"Portland, OR, US","John Mayer at Music Millennium - Northwest (October 6, 2001)",45.5283713,-122.6985683,0.438232,2001-10-06,None,Music Millennium - Northwest
6,"Greenville, SC, US","David Mead with John Mayer at The Handlebar (November 5, 2001)",34.8602167,-82.3892938,0.438232,2001-11-05,None,The Handlebar
7,"Knoxville, TN, US","David Mead with John Mayer at Blue Cats (November 6, 2001)",35.971343,-83.917712,0.438232,2001-11-06,None,Blue Cats
8,"Nashville, TN, US","David Mead with John Mayer at 328 Performance Hall (November 7, 2001)",36.1724885,-86.7805961,0.405517,2001-11-07,None,328 Performance Hall
9,"Norfolk, VA, US","David Mead with John Mayer at The NorVa (November 10, 2001)",36.850247,-76.289459,0.438232,2001-11-10,None,The NorVa
10,"Indianapolis, IN, US","David Mead with John Mayer at The Vogue Theatre (November 13, 2001)",39.8692209,-86.1459142,0.438232,2001-11-13,None,The Vogue Theatre
11,"Pontiac, MI, US","David Mead with John Mayer at Clutch Cargo's (November 15, 2001)",42.6394476,-83.2903125,0.438232,2001-11-15,None,Clutch Cargo's
12,"Pittsburgh, PA, US","David Mead with John Mayer at Club Laga (November 16, 2001)",40.4408964,-79.958095,0.438232,2001-11-16,None,Club Laga
13,"Springfield, MA, US","David Mead with John Mayer at Theodore's Booze Blues & BBQ (November 17, 2001)",42.1042146,-72.5922989,0.438232,2001-11-17,None,Theodore's Booze Blues & BBQ
14,"San Francisco, CA, US",KFOG's Concert for Kids 2001 2001,37.7890183,-122.3915063,0.438232,2001-12-09,None,Unknown venue
15,"Lake Buena Vista, FL, US","John Mayer at House of Blues (January 31, 2002)",28.3709021,-81.521728,0.438232,2002-01-31,None,House of Blues
16,"Salem, VA, US","John Mayer at Roanoke College (February 9, 2002)",37.29425,-80.054916,0.405517,2002-02-09,None,Roanoke College
17,"Memphis, TN, US",Beale Street Music Festival 2002,35.1398763,-90.0593536,0.403195,2002-03-05,None,Tom Lee Park
18,"Chicago, IL, US","John Mayer at House of Blues (March 8, 2002)",41.8882037,-87.6292039,0.401867,2002-03-08,None,House of Blues
19,"Austin, TX, US",SXSW 2002,30.26715,-97.74306,0.402966,2002-03-13,None,Unknown venue
20,"Portland, OR, US","John Mayer with Norah Jones at McMenamin's Crystal Ballroom (April 8, 2002)",45.5227443,-122.6847972,0.409067,2002-04-08,None,McMenamin's Crystal Ballroom
21,"Winston-Salem, NC, US","David Mead with John Mayer at Millennium Center (May 5, 2002)",36.1001714,-80.245623,0.409754,2002-05-05,None,Millennium Center
22,"North Myrtle Beach, SC, US","David Mead with John Mayer at House of Blues (May 7, 2002)",33.7988865,-78.7386383,0.438232,2002-05-07,None,House of Blues
23,"Norfolk, VA, US","David Mead with John Mayer at The NorVa (May 8, 2002)",36.850247,-76.289459,0.438232,2002-05-08,None,The NorVa
24,"Atlanta, GA, US","John Mayer with India.Arie, The Calling, and Chrystina Lloree at Centennial Olympic Park (May 24, 2002)",33.7593092,-84.3944406,0.438232,2002-05-24,None,Centennial Olympic Park
25,"Atlanta, GA, US",On the Bricks 2002,33.99396,-84.04878,0.402966,2002-05-24,None,Unknown venue
26,"Kettering, OH, US","Martin Sexton, Guster, and John Mayer at Fraze Pavilion (July 29, 2002)",39.696624,-84.158096,0.40518,2002-07-29,None,Fraze Pavilion
27,"Minneapolis, MN, US","John Mayer with Guster and Martin Sexton at Northrop Auditorium (August 1, 2002)",44.9765013,-93.2338196,0.40518,2002-08-01,None,Northrop Auditorium
28,"Portland, OR, US","John Mayer and Guster with John Butler Trio at Arlene Schnitzer Concert Hall (August 9, 2002)",45.5168547,-122.6811831,0.40518,2002-08-09,None,Arlene Schnitzer Concert Hall
29,"Seattle, WA, US","John Mayer with Guster at Paramount Theatre (August 11, 2002)",47.613296,-122.33139,0.40518,2002-08-11,None,Paramount Theatre
30,"Santa Barbara, CA, US","John Mayer and Guster at Santa Barbara Bowl (August 15, 2002)",34.4351001,-119.6935747,0.40518,2002-08-15,None,Santa Barbara Bowl
31,"Cary, NC, US","John Mayer with Guster at Koka Booth Amphitheatre (September 7, 2002)",35.7289109,-78.795393,0.40518,2002-09-07,None,Koka Booth Amphitheatre
32,"Atlanta, GA, US","John Mayer with Guster at Cellairis Amphitheatre at Lakewood (September 14, 2002)",33.7042695,-84.396095,0.40518,2002-09-14,None,Cellairis Amphitheatre at Lakewood
33,"Ypsilanti, MI, US","John Mayer at EMU Convocation Center (November 17, 2002)",42.2517242,-83.6477261,0.438232,2002-11-17,None,EMU Convocation Center
34,"Amherst, MA, US","John Mayer at Mullins Center, U Mass (November 23, 2002)",42.3911245,-72.5331953,0.438232,2002-11-23,None,"Mullins Center, U Mass"
35,"Anaheim, CA, US","Elton John with Ray Charles, Brian Wilson, Randy Newman, and 11 more… at Honda Center (January 17, 2003)",33.807723,-117.876522,0.402997,2003-01-17,None,Honda Center
36,"Memphis, TN, US",Beale Street Music Festival 2003,35.1398763,-90.0593536,0.40161,2003-02-05,None,Tom Lee Park
37,"Boston, MA, US","Bonnie Raitt with John Mayer at Unknown venue (April 26, 2003)",42.3600825,-71.0588801,0.403492,2003-04-26,None,Unknown venue
38,"Greenwood Village, CO, US","Counting Crows with John Mayer at Fiddler's Green Amphitheatre (July 7, 2003)",39.6008082,-104.8944165,0.438232,2003-07-07,None,Fiddler's Green Amphitheatre
39,"West Valley City, UT, US","Counting Crows with John Mayer at USANA Amphitheatre (July 8, 2003)",40.6577061,-112.0354199,0.425713,2003-07-08,None,USANA Amphitheatre
40,"Ridgefield, WA, US","John Mayer and Counting Crows with Maroon 5 at Sunlight Supply Amphitheater (July 10, 2003)",45.746432,-122.666113,0.77178,2003-07-10,None,Sunlight Supply Amphitheater
41,"George, WA, US","John Mayer and Counting Crows with Maroon 5 at Gorge Amphitheatre (July 11, 2003)",47.0959471,-119.9826336,0.728729,2003-07-11,None,Gorge Amphitheatre
42,"Mountain View, CA, US","Counting Crows with John Mayer at Shoreline Amphitheatre (July 13, 2003)",37.4233243,-122.0780286,0.438232,2003-07-13,None,Shoreline Amphitheatre
43,"Concord, CA, US","Counting Crows with John Mayer at Concord Pavilion (July 14, 2003)",37.960355,-121.939656,0.426527,2003-07-14,None,Concord Pavilion
44,"Wheatland, CA, US","Counting Crows and John Mayer with Maroon 5 at Toyota Amphitheatre (July 15, 2003)",39.0311867,-121.5153124,0.77178,2003-07-15,None,Toyota Amphitheatre
45,"Los Angeles, CA, US","Counting Crows with John Mayer at Staples Center (July 17, 2003)",34.042984,-118.2668182,0.438232,2003-07-17,None,Staples Center
46,"Irvine, CA, US","Counting Crows with John Mayer at Irvine Meadows Amphitheatre (July 18, 2003)",33.6370977,-117.7491055,0.438214,2003-07-18,None,Irvine Meadows Amphitheatre
47,"Chula Vista, CA, US","Counting Crows with John Mayer at Mattress Firm Amphitheatre (July 19, 2003)",32.5882959,-117.0060564,0.411681,2003-07-19,None,Mattress Firm Amphitheatre
48,"Phoenix, AZ, US","Counting Crows with John Mayer at Ak-Chin Pavilion (July 21, 2003)",33.470823,-112.232875,0.438232,2003-07-21,None,Ak-Chin Pavilion
49,"Albuquerque, NM, US","Counting Crows with John Mayer at Hard Rock Pavilion (July 22, 2003)",34.9379864,-106.6623463,0.438232,2003-07-22,None,Hard Rock Pavilion
50,"Selma, TX, US","Counting Crows with John Mayer at Verizon Wireless Amphitheater (July 24, 2003)",29.5969024,-98.3203301,0.428244,2003-07-24,None,Verizon Wireless Amphitheater
51,"The Woodlands, TX, US","Counting Crows with John Mayer at Cynthia Woods Mitchell Pavilion (July 25, 2003)",30.161593,-95.464029,0.438232,2003-07-25,None,Cynthia Woods Mitchell Pavilion
52,"Dallas, TX, US","Counting Crows with John Mayer at Gexa Energy Pavilion (July 26, 2003)",32.7740979,-96.7568521,0.438232,2003-07-26,None,Gexa Energy Pavilion
53,"Bonner Springs, KS, US","Counting Crows with John Mayer at Providence Medical Center Amphitheater (July 28, 2003)",39.112703,-94.876846,0.402453,2003-07-28,None,Providence Medical Center Amphitheater
54,"Maryland Heights, MO, US","Counting Crows with John Mayer at Verizon Wireless (July 29, 2003)",38.7456419,-90.469956,0.438232,2003-07-29,None,Verizon Wireless
55,"Minneapolis, MN, US","Toby Lightman with Counting Crows and John Mayer at Target Center (July 31, 2003)",44.979657,-93.274889,0.438232,2003-07-31,None,Target Center
56,"Milwaukee, WI, US","Counting Crows with John Mayer at American Family Insurance Amphitheater (August 1, 2003)",43.0344936,-87.8993557,0.410722,2003-08-01,None,American Family Insurance Amphitheater
57,"Clarkston, MI, US","Counting Crows with John Mayer at DTE Energy Music Theatre (August 2, 2003)",42.7510124,-83.380305,0.438232,2003-08-02,None,DTE Energy Music Theatre
58,"Columbus, OH, US","Counting Crows with John Mayer at Germain Amphitheater (August 5, 2003)",40.148319,-82.961581,0.438232,2003-08-05,None,Germain Amphitheater
59,"Cincinnati, OH, US","Counting Crows with John Mayer at Riverbend Music Center (August 6, 2003)",39.052082,-84.416862,0.438232,2003-08-06,None,Riverbend Music Center
60,"Noblesville, IN, US","Counting Crows with John Mayer at Verizon Wireless Music Center (August 8, 2003)",40.0049812,-85.9309888,0.438232,2003-08-08,None,Verizon Wireless Music Center
61,"Tinley Park, IL, US","Counting Crows with John Mayer at Hollywood Casino Amphitheatre (August 9, 2003)",41.5426102,-87.7711529,0.431154,2003-08-09,None,Hollywood Casino Amphitheatre
62,"Cuyahoga Falls, OH, US","Counting Crows with John Mayer at Blossom Music Center (August 11, 2003)",41.1913469,-81.5607834,0.438232,2003-08-11,None,Blossom Music Center
63,"Darien Center, NY, US","Counting Crows with John Mayer at Darien Lake Performing Arts Center (August 12, 2003)",42.9131989,-78.3894454,0.438232,2003-08-12,None,Darien Lake Performing Arts Center
64,"Burgettstown, PA, US","Counting Crows with John Mayer at Keybank Pavilion (August 14, 2003)",40.4197818,-80.4342124,0.417688,2003-08-14,None,Keybank Pavilion
65,"Bristow, VA, US","Counting Crows with John Mayer at Jiffy Lube Live (August 15, 2003)",38.786011,-77.587845,0.438232,2003-08-15,None,Jiffy Lube Live
66,"Camden, NJ, US","Counting Crows with John Mayer at BB&T Pavilion (August 16, 2003)",40.0177386,-75.0004321,0.436044,2003-08-16,None,BB&T Pavilion
67,"Saratoga Springs, NY, US","Counting Crows with John Mayer at Saratoga Performing Arts Center (SPAC) (August 18, 2003)",43.0553703,-73.8055707,0.409792,2003-08-18,None,Saratoga Performing Arts Center (SPAC)
68,"Scranton, PA, US","Counting Crows with John Mayer at Montage Mountain (August 19, 2003)",41.3479256,-75.6637503,0.426674,2003-08-19,None,Montage Mountain
69,"Hartford, CT, US","Counting Crows with John Mayer at Xfinity Theatre (August 20, 2003)",41.7801718,-72.6693191,0.438232,2003-08-20,None,Xfinity Theatre
70,"Mansfield, MA, US","Counting Crows with John Mayer at Xfinity Center (August 22, 2003)",41.9944318,-71.2106493,0.438232,2003-08-22,None,Xfinity Center
71,"Mansfield, MA, US","Counting Crows with John Mayer at Xfinity Center (August 23, 2003)",41.9944318,-71.2106493,0.438232,2003-08-23,None,Xfinity Center
72,"Wantagh, NY, US","Counting Crows with John Mayer at Northwell Health at Jones Beach Theater (August 25, 2003)",40.6011406,-73.502518,0.409464,2003-08-25,None,Northwell Health at Jones Beach Theater
73,"Wantagh, NY, US","Counting Crows with John Mayer at Northwell Health at Jones Beach Theater (August 26, 2003)",40.6011406,-73.502518,0.409464,2003-08-26,None,Northwell Health at Jones Beach Theater
74,"Holmdel, NJ, US","Counting Crows with John Mayer at PNC Bank Arts Center (August 28, 2003)",39.9830657,-74.2135086,0.438232,2003-08-28,None,PNC Bank Arts Center
75,"Holmdel, NJ, US","Counting Crows with John Mayer at PNC Bank Arts Center (August 29, 2003)",39.9830657,-74.2135086,0.438232,2003-08-29,None,PNC Bank Arts Center
76,"Virginia Beach, VA, US","Counting Crows with John Mayer at Veterans United Home Loans Amphitheater (August 31, 2003)",36.7686679,-76.1019623,0.432071,2003-08-31,None,Veterans United Home Loans Amphitheater
77,"Raleigh, NC, US","Counting Crows with John Mayer at Time Warner Cable Music Pavilion at Walnut Creek (September 1, 2003)",35.7493881,-78.5763028,0.438232,2003-09-01,None,Time Warner Cable Music Pavilion at Walnut Creek
78,"Charlotte, NC, US","Counting Crows with John Mayer at Verizon Wireless Amphitheatre (September 2, 2003)",35.327362,-80.7106699,0.438232,2003-09-02,None,Verizon Wireless Amphitheatre
79,"Tallahassee, FL, US","John Mayer with North Mississippi Allstars at Tallahassee-Leon County Civic Center (November 18, 2003)",30.43767,-84.287524,0.438232,2003-11-18,None,Tallahassee-Leon County Civic Center
80,"New York, NY, US","Michael J. Fox, Joan Jett, John Mayer, and Richie Sambora at Waldorf Astoria Hotel (November 23, 2003)",40.7565712,-73.9736421,0.429541,2003-11-23,None,Waldorf Astoria Hotel
81,"Universal City, CA, US","John Mayer at Gibson Amphitheatre, Universal Studios Hollywood (February 21, 2004)",34.1380075,-118.3532429,0.437758,2004-02-21,None,"Gibson Amphitheatre, Universal Studios Hollywood"
82,"Detroit Lakes, MN, US","10,000 Lakes Festival 2004",46.774344,-95.8681129,0.818338,2004-07-01,None,Soo Pass Ranch
83,"Ridgefield, WA, US","John Mayer with Maroon 5 and DJ Logic at Sunlight Supply Amphitheater (July 10, 2004)",45.746432,-122.666113,0.818338,2004-07-10,None,Sunlight Supply Amphitheater
84,"Mountain View, CA, US","John Mayer and Maroon 5 at Shoreline Amphitheatre (July 16, 2004)",37.4233243,-122.0780286,0.728729,2004-07-16,None,Shoreline Amphitheatre
85,"Irvine, CA, US","John Mayer with Maroon 5 at Irvine Meadows Amphitheatre (July 17, 2004)",33.6370977,-117.7491055,0.729311,2004-07-17,None,Irvine Meadows Amphitheatre
86,"Albuquerque, NM, US","John Mayer with Maroon 5 at Hard Rock Pavilion (July 21, 2004)",34.9379864,-106.6623463,0.728729,2004-07-21,None,Hard Rock Pavilion
87,"Cuyahoga Falls, OH, US","John Mayer at Blossom Music Center (August 3, 2004)",41.1913469,-81.5607834,0.438232,2004-08-03,None,Blossom Music Center
88,"Clarkston, MI, US","John Mayer with Maroon 5 at DTE Energy Music Theatre (August 6, 2004)",42.7510124,-83.380305,0.728729,2004-08-06,None,DTE Energy Music Theatre
89,"Camden, NJ, US","John Mayer at BB&T Pavilion (August 14, 2004)",40.0177386,-75.0004321,0.436044,2004-08-14,None,BB&T Pavilion
90,"Virginia Beach, VA, US","John Mayer at Veterans United Home Loans Amphitheater (August 22, 2004)",36.7686679,-76.1019623,0.426986,2004-08-22,18:00:00,Veterans United Home Loans Amphitheater
91,"Atlanta, GA, US","John Mayer with Maroon 5 at Cellairis Amphitheatre at Lakewood (August 29, 2004)",33.7042695,-84.396095,0.806007,2004-08-29,None,Cellairis Amphitheatre at Lakewood
92,"New York, NY, US","Buddy Guy with Little Milton, Warren Haynes, and John Mayer at David Geffen Hall, Lincoln Center (January 28, 2005)",40.7722992,-73.9829541,0.407423,2005-01-28,None,"David Geffen Hall, Lincoln Center"
93,"East Troy, WI, US","John Mayer with Maroon 5 at Alpine Valley Music Theatre (July 16, 2005)",42.8098138,-88.4258219,0.728729,2005-07-16,None,Alpine Valley Music Theatre
94,"San Francisco, CA, US","John Mayer at The Fillmore (September 6, 2005)",37.7842566,-122.4332961,0.438232,2005-09-06,None,The Fillmore
95,"San Francisco, CA, US","John Mayer at The Fillmore (September 7, 2005)",37.7842566,-122.4332961,0.438232,2005-09-07,None,The Fillmore
96,"Las Vegas, NV, US","Crossfade, Seether, and John Mayer with Dark New Day at House of Blues (September 9, 2005)",36.0922144,-115.1730276,0.438232,2005-09-09,None,House of Blues
97,"Las Vegas, NV, US","John Mayer at House of Blues (September 11, 2005)",36.0922144,-115.1730276,0.438232,2005-09-11,None,House of Blues
98,"Anaheim, CA, US","John Mayer at House of Blues - Old Location (September 13, 2005)",33.8095381,-117.9229779,0.401672,2005-09-13,None,House of Blues - Old Location
99,"Anaheim, CA, US","Chevelle and John Mayer at House of Blues - Old Location (September 14, 2005)",33.8095381,-117.9229779,0.401672,2005-09-14,None,House of Blues - Old Location
100,"Anaheim, CA, US","Blues Traveler and John Mayer at House of Blues - Old Location (September 15, 2005)",33.8095381,-117.9229779,0.401672,2005-09-15,None,House of Blues - Old Location
101,"Denver, CO, US","John Mayer at The Fillmore Auditorium (September 17, 2005)",39.7403904,-104.977259,0.438232,2005-09-17,None,The Fillmore Auditorium
102,"Kansas City, MO, US","John Mayer at Uptown Theater (September 19, 2005)",39.0611494,-94.5905256,0.438232,2005-09-19,None,Uptown Theater
103,"Chicago, IL, US","John Mayer at House of Blues (September 21, 2005)",41.8882037,-87.6292039,0.401867,2005-09-21,None,House of Blues
104,"Chicago, IL, US","John Mayer at House of Blues (September 22, 2005)",41.8882037,-87.6292039,0.401867,2005-09-22,None,House of Blues
105,"Milwaukee, WI, US","John Mayer at The Rave/Eagles Club (September 24, 2005)",43.0381725,-87.9432826,0.438232,2005-09-24,None,The Rave/Eagles Club
106,"Nashville, TN, US","John Mayer at Ryman Auditorium (September 26, 2005)",36.1611688,-86.7786881,0.438232,2005-09-26,None,Ryman Auditorium
107,"New Orleans, LA, US","John Mayer at House of Blues (September 27, 2005)",29.9531604,-90.0661661,0.438232,2005-09-27,None,House of Blues
108,"Atlanta, GA, US","John Mayer at The Tabernacle (September 28, 2005)",33.7586987,-84.3914615,0.42297,2005-09-28,None,The Tabernacle
109,"Lake Buena Vista, FL, US","John Mayer at House of Blues (September 30, 2005)",28.3709021,-81.521728,0.438232,2005-09-30,None,House of Blues
110,"North Myrtle Beach, SC, US","John Mayer at House of Blues (October 1, 2005)",33.7988865,-78.7386383,0.438232,2005-10-01,None,House of Blues
111,"Washington, DC, US","The Rolling Stones and John Mayer with John Mayer Trio at Verizon Center (October 3, 2005)",38.8975641,-77.0210577,0.516222,2005-10-03,None,Verizon Center
112,"Cleveland, OH, US","John Mayer at House of Blues (October 4, 2005)",41.4998193,-81.6908598,0.438232,2005-10-04,None,House of Blues
113,"New York, NY, US","John Mayer at Beacon Theatre (October 6, 2005)",40.7760381,-73.9820377,0.438232,2005-10-06,None,Beacon Theatre
114,"Philadelphia, PA, US","The Rolling Stones and John Mayer at Wachovia Spectrum Center (October 10, 2005)",39.9045537,-75.1736495,0.516222,2005-10-10,None,Wachovia Spectrum Center
115,"Boston, MA, US","John Mayer at House of Blues (October 11, 2005)",42.3471727,-71.0957007,0.438232,2005-10-11,None,House of Blues
116,"Philadelphia, PA, US","The Rolling Stones and John Mayer at Wachovia Spectrum Center (October 12, 2005)",39.9045537,-75.1736495,0.516222,2005-10-12,None,Wachovia Spectrum Center
117,"Burgettstown, PA, US","John Mayer at Keybank Pavilion (August 24, 2006)",40.4197818,-80.4342124,0.417688,2006-08-24,None,Keybank Pavilion
118,"Saratoga Springs, NY, US","John Mayer at Saratoga Performing Arts Center (SPAC) (August 25, 2006)",43.0553703,-73.8055707,0.409792,2006-08-25,None,Saratoga Performing Arts Center (SPAC)
119,"Hartford, CT, US","John Mayer at Xfinity Theatre (August 26, 2006)",41.7801718,-72.6693191,0.438232,2006-08-26,None,Xfinity Theatre
120,"Mansfield, MA, US","John Mayer at Xfinity Center (August 29, 2006)",41.9944318,-71.2106493,0.438232,2006-08-29,None,Xfinity Center
121,"Wantagh, NY, US","John Mayer at Northwell Health at Jones Beach Theater (August 30, 2006)",40.6011406,-73.502518,0.409464,2006-08-30,None,Northwell Health at Jones Beach Theater
122,"Darien Center, NY, US","John Mayer at Darien Lake Performing Arts Center (September 1, 2006)",42.9131989,-78.3894454,0.438232,2006-09-01,None,Darien Lake Performing Arts Center
123,"Camden, NJ, US","John Mayer with Sheryl Crow and Mat Kearney at BB&T Pavilion (September 2, 2006)",40.0177386,-75.0004321,0.403985,2006-09-02,None,BB&T Pavilion
124,"Bristow, VA, US","John Mayer at Jiffy Lube Live (September 3, 2006)",38.786011,-77.587845,0.438232,2006-09-03,None,Jiffy Lube Live
125,"Cincinnati, OH, US","John Mayer at Riverbend Music Center (September 5, 2006)",39.052082,-84.416862,0.438232,2006-09-05,None,Riverbend Music Center
126,"Clarkston, MI, US","John Mayer at DTE Energy Music Theatre (September 6, 2006)",42.7510124,-83.380305,0.438232,2006-09-06,None,DTE Energy Music Theatre
127,"Noblesville, IN, US","John Mayer at Verizon Wireless Music Center (September 8, 2006)",40.0049812,-85.9309888,0.438232,2006-09-08,None,Verizon Wireless Music Center
128,"Tinley Park, IL, US","John Mayer and Sheryl Crow at Hollywood Casino Amphitheatre (September 9, 2006)",41.5426102,-87.7711529,0.431154,2006-09-09,None,Hollywood Casino Amphitheatre
129,"Maryland Heights, MO, US","John Mayer at Verizon Wireless (September 10, 2006)",38.7456419,-90.469956,0.438232,2006-09-10,None,Verizon Wireless
130,"New York, NY, US","John Mayer at Webster Hall (September 13, 2006)",40.7315472,-73.9891987,0.438232,2006-09-13,None,Webster Hall
131,"Austin, TX, US",Austin City Limits Music Festival 2006,30.267153,-97.7430608,0.61297,2006-09-15,None,Unknown venue
132,"Morrison, CO, US","John Mayer at Red Rocks Amphitheatre (September 18, 2006)",39.6800052,-105.1972399,0.438232,2006-09-18,None,Red Rocks Amphitheatre
133,"Morrison, CO, US","John Mayer at Red Rocks Amphitheatre (September 19, 2006)",39.6800052,-105.1972399,0.438232,2006-09-19,None,Red Rocks Amphitheatre
134,"Auburn, WA, US","John Mayer at White River Amphitheatre (September 23, 2006)",47.2374581,-122.1120309,0.428151,2006-09-23,None,White River Amphitheatre
135,"Ridgefield, WA, US","John Mayer at Sunlight Supply Amphitheater (September 24, 2006)",45.746432,-122.666113,0.428744,2006-09-24,None,Sunlight Supply Amphitheater
136,"Irvine, CA, US","John Mayer at Irvine Meadows Amphitheatre (September 27, 2006)",33.6370977,-117.7491055,0.438214,2006-09-27,None,Irvine Meadows Amphitheatre
137,"Concord, CA, US","John Mayer at Concord Pavilion (September 29, 2006)",37.960355,-121.939656,0.426527,2006-09-29,None,Concord Pavilion
138,"Wheatland, CA, US","John Mayer at Toyota Amphitheatre (September 30, 2006)",39.0311867,-121.5153124,0.428151,2006-09-30,None,Toyota Amphitheatre
139,"Mountain View, CA, US","John Mayer and Sheryl Crow with Marjorie Fair at Shoreline Amphitheatre (October 1, 2006)",37.4233243,-122.0780286,0.438232,2006-10-01,None,Shoreline Amphitheatre
140,"Glendale, AZ, US","John Mayer at Gila River Arena (October 4, 2006)",33.5314673,-112.2609115,0.438232,2006-10-04,None,Gila River Arena
141,"Glendale, AZ, US","Tom Petty And The Heartbreakers with Stevie Nicks and John Mayer at Glendale Arena (October 4, 2006)",33.5386523,-112.1859866,0.438232,2006-10-04,None,Glendale Arena
142,"The Woodlands, TX, US","John Mayer at Cynthia Woods Mitchell Pavilion (October 6, 2006)",30.161593,-95.464029,0.438232,2006-10-06,None,Cynthia Woods Mitchell Pavilion
143,"Antioch, TN, US","John Mayer at Starwood Amphitheatre (October 8, 2006)",36.038569,-86.60704,0.438232,2006-10-08,None,Starwood Amphitheatre
144,"Birmingham, AL, US","Sheryl Crow and John Mayer at Verizon Wireless Music Center (October 9, 2006)",33.3313204,-86.7845336,0.405517,2006-10-09,None,Verizon Wireless Music Center
145,"West Palm Beach, FL, US","John Mayer at Coral Sky Amphitheatre at the South Florida Fairgrounds (October 11, 2006)",26.685477,-80.186736,0.409381,2006-10-11,None,Coral Sky Amphitheatre at the South Florida Fairgrounds
146,"Tampa, FL, US","John Mayer at Midflorida Credit Union Amphitheatre (October 12, 2006)",27.9896043,-82.3588746,0.438232,2006-10-12,None,Midflorida Credit Union Amphitheatre
147,"Atlanta, GA, US","John Mayer at State Bank Amphitheatre at Chastain Park (October 13, 2006)",33.8766169,-84.3960225,0.4026,2006-10-13,None,State Bank Amphitheatre at Chastain Park
148,"Atlanta, GA, US","John Mayer at State Bank Amphitheatre at Chastain Park (October 14, 2006)",33.8766169,-84.3960225,0.4026,2006-10-14,None,State Bank Amphitheatre at Chastain Park
149,"West Hollywood, CA, US","John Mayer at Key Club (December 10, 2006)",34.0909059,-118.388914,0.438232,2006-12-10,None,Key Club
150,"Jacksonville, FL, US","John Mayer at Jacksonville Veterans Memorial Arena (January 25, 2007)",30.325811,-81.645058,0.438232,2007-01-25,None,Jacksonville Veterans Memorial Arena
151,"Coral Gables, FL, US","John Mayer at BankUnited Center (January 26, 2007)",25.7150805,-80.2791777,0.438232,2007-01-26,None,BankUnited Center
152,"Pensacola, FL, US","John Mayer at Pensacola Civic Center (January 29, 2007)",30.41738,-87.2081989,0.438232,2007-01-29,None,Pensacola Civic Center
153,"Baton Rouge, LA, US","John Mayer at Arena, Baton Rouge River Center (January 30, 2007)",30.4448195,-91.1897936,0.438232,2007-01-30,None,"Arena, Baton Rouge River Center"
154,"Fayetteville, AR, US","John Mayer at Barnhill Arena, University of Arkansas (February 1, 2007)",36.0664158,-94.1773879,0.438232,2007-02-01,None,"Barnhill Arena, University of Arkansas"
155,"Memphis, TN, US","John Mayer at FedEx Forum (February 2, 2007)",35.1395093,-90.0517042,0.438232,2007-02-02,None,FedEx Forum
156,"Oklahoma City, OK, US","John Mayer at Cox Convention Center (February 3, 2007)",35.465252,-97.517928,0.438232,2007-02-03,None,Cox Convention Center
157,"Huntsville, AL, US","John Mayer and Soulive at Von Braun Center Arena (February 5, 2007)",34.726557,-86.589925,0.438232,2007-02-05,None,Von Braun Center Arena
158,"Knoxville, TN, US","John Mayer at Knoxville Civic Center (February 6, 2007)",35.965098,-83.911544,0.438232,2007-02-06,None,Knoxville Civic Center
159,"Roanoke, VA, US","John Mayer and Soulive at RKECivic Center (February 7, 2007)",37.2789719,-79.9359444,0.438232,2007-02-07,None,RKECivic Center
160,"Columbia, SC, US","John Mayer with Soulive at Colonial Life Arena (February 8, 2007)",33.9948244,-81.0370352,0.438232,2007-02-08,None,Colonial Life Arena
161,"St. Paul, MN, US","John Mayer at Xcel Energy Center (February 13, 2007)",44.9434383,-93.1001467,0.438232,2007-02-13,None,Xcel Energy Center
162,"Madison, WI, US","John Mayer at Coliseum at Alliant Energy Center (February 14, 2007)",43.044406,-89.380764,0.429331,2007-02-14,None,Coliseum at Alliant Energy Center
163,"Murray, KY, US","John Mayer at Regional Special Events Center (February 16, 2007)",36.6103334,-88.314761,0.405517,2007-02-16,None,Regional Special Events Center
164,"Bloomington, IL, US","John Mayer at US Cellular Coliseum (February 17, 2007)",40.4786666,-88.9954997,0.438232,2007-02-17,None,US Cellular Coliseum
165,"Omaha, NE, US","John Mayer at CenturyLink Center & Arena (February 18, 2007)",41.2637186,-95.9292658,0.438232,2007-02-18,None,CenturyLink Center & Arena
166,"Dekalb, IL, US","John Mayer with Mat Kearney at Convocation Center, Northern Illinois University (February 20, 2007)",41.93115,-88.7829668,0.403985,2007-02-20,None,"Convocation Center, Northern Illinois University"
167,"Columbus, OH, US","John Mayer at Nationwide Arena (February 23, 2007)",39.9694,-83.006356,0.438232,2007-02-23,None,Nationwide Arena
168,"Lexington, KY, US","John Mayer at Rupp Arena (February 24, 2007)",38.0491448,-84.5010157,0.438232,2007-02-24,None,Rupp Arena
169,"Amherst, MA, US","John Mayer at Mullins Center, U Mass (February 26, 2007)",42.3911245,-72.5331953,0.438232,2007-02-26,None,"Mullins Center, U Mass"
170,"Syracuse, NY, US","John Mayer at Oncenter Complex (February 27, 2007)",43.043527,-76.148209,0.431415,2007-02-27,None,Oncenter Complex
171,"New York, NY, US","John Mayer with Mat Kearney at Madison Square Garden (February 28, 2007)",40.7497096,-73.991556,0.402105,2007-02-28,None,Madison Square Garden
172,"Buffalo, NY, US","John Mayer with Kathleen Edwards at KeyBank Center (April 21, 2007)",42.8749473,-78.8762459,0.425479,2007-04-21,None,KeyBank Center
173,"New Orleans, LA, US",New Orleans Jazz & Heritage Festival 2007,29.9510658,-90.0715323,0.403492,2007-04-27,None,Unknown venue
174,"Ridgefield, WA, US","John Mayer and The Suburbs at Sunlight Supply Amphitheater (June 1, 2007)",45.746432,-122.666113,0.428744,2007-06-01,None,Sunlight Supply Amphitheater
175,"George, WA, US","John Mayer and The Suburbs at Gorge Amphitheatre (June 2, 2007)",47.0959471,-119.9826336,0.438232,2007-06-02,None,Gorge Amphitheatre
176,"Nampa, ID, US","John Mayer at Ford Idaho Center (June 3, 2007)",43.608344,-116.509458,0.438232,2007-06-03,None,Ford Idaho Center
177,"San Jose, CA, US","John Mayer and The Suburbs with Ben Folds at SAP Center at San Jose (June 5, 2007)",37.3325116,-121.9011855,0.4343,2007-06-05,None,SAP Center at San Jose
178,"Fresno, CA, US","John Mayer and The Suburbs at Save Mart Center (June 6, 2007)",36.8086546,-119.7394542,0.432166,2007-06-06,None,Save Mart Center
179,"Las Vegas, NV, US","John Mayer and The Suburbs at Mandalay Bay Resort & Casino (June 8, 2007)",36.0919655,-115.1730561,0.438232,2007-06-08,None,Mandalay Bay Resort & Casino
180,"Los Angeles, CA, US","John Mayer and The Suburbs with Ben Folds and Rocco DeLuca at Hollywood Bowl (June 9, 2007)",34.113088,-118.339373,0.438232,2007-06-09,None,Hollywood Bowl
181,"Los Angeles, CA, US","John Mayer at Hollywood Bowl (June 10, 2007)",34.113088,-118.339373,0.438232,2007-06-10,None,Hollywood Bowl
182,"Chula Vista, CA, US","John Mayer and The Suburbs with Rocco DeLuca and Ben Folds at Mattress Firm Amphitheatre (June 12, 2007)",32.5882959,-117.0060564,0.411681,2007-06-12,None,Mattress Firm Amphitheatre
183,"Glendale, AZ, US","John Mayer and The Suburbs at Gila River Arena (June 13, 2007)",33.5314673,-112.2609115,0.438232,2007-06-13,None,Gila River Arena
184,"Morrison, CO, US","John Mayer and The Suburbs at Red Rocks Amphitheatre (June 15, 2007)",39.6800052,-105.1972399,0.438232,2007-06-15,None,Red Rocks Amphitheatre
185,"Morrison, CO, US","John Mayer and The Suburbs with Ben Folds at Red Rocks Amphitheatre (June 16, 2007)",39.6800052,-105.1972399,0.438232,2007-06-16,None,Red Rocks Amphitheatre
186,"Des Moines, IA, US","John Mayer at Wells Fargo Arena (June 18, 2007)",41.592634,-93.620982,0.438232,2007-06-18,None,Wells Fargo Arena
187,"Bonner Springs, KS, US","John Mayer with Ben Folds and Brett Dennen at Providence Medical Center Amphitheater (June 19, 2007)",39.112703,-94.876846,0.402453,2007-06-19,None,Providence Medical Center Amphitheater
188,"Maryland Heights, MO, US","John Mayer and The Suburbs at Verizon Wireless (June 20, 2007)",38.7456419,-90.469956,0.438232,2007-06-20,None,Verizon Wireless
189,"Dallas, TX, US","John Mayer with Ben Folds and Brett Dennen at Gexa Energy Pavilion (June 22, 2007)",32.7740979,-96.7568521,0.438232,2007-06-22,None,Gexa Energy Pavilion
190,"The Woodlands, TX, US","John Mayer and The Suburbs with Ben Folds and Brett Dennen at Cynthia Woods Mitchell Pavilion (June 23, 2007)",30.161593,-95.464029,0.438232,2007-06-23,None,Cynthia Woods Mitchell Pavilion
191,"San Antonio, TX, US","John Mayer and The Suburbs with Ben Folds at AT&T Center (June 24, 2007)",29.4270165,-98.4373167,0.438232,2007-06-24,None,AT&T Center
192,"Cincinnati, OH, US","John Mayer with Ben Folds and Brett Dennen at US Bank Arena (June 26, 2007)",39.097929,-84.504088,0.438232,2007-06-26,None,US Bank Arena
193,"Chicago, IL, US","John Mayer and The Suburbs at Huntington Bank Pavilion at Northerly Island (June 28, 2007)",41.8643989,-87.6091035,0.414393,2007-06-28,None,Huntington Bank Pavilion at Northerly Island
194,"Chicago, IL, US","John Mayer and The Suburbs with Ben Folds at Huntington Bank Pavilion at Northerly Island (June 29, 2007)",41.8643989,-87.6091035,0.414393,2007-06-29,None,Huntington Bank Pavilion at Northerly Island
195,"Noblesville, IN, US","John Mayer with Ben Folds and Brett Dennen at Verizon Wireless Music Center (June 30, 2007)",40.0049812,-85.9309888,0.438232,2007-06-30,None,Verizon Wireless Music Center
196,"Cuyahoga Falls, OH, US","John Mayer and The Suburbs at Blossom Music Center (July 1, 2007)",41.1913469,-81.5607834,0.438232,2007-07-01,None,Blossom Music Center
197,"Milwaukee, WI, US","John Mayer with Ben Folds and Brett Dennen at American Family Insurance Amphitheater (July 3, 2007)",43.0344936,-87.8993557,0.410722,2007-07-03,None,American Family Insurance Amphitheater
198,"Chicago, IL, US","John Mayer with Robert Randolph & The Family Band and Rodrigo y Gabriela at Petrillo Music Shell, Grant Park (July 4, 2007)",41.8783859,-87.6206769,0.438232,2007-07-04,None,"Petrillo Music Shell, Grant Park"
199,"Chicago, IL, US",Taste of Chicago 2007,41.8783859,-87.6206769,0.438232,2007-07-04,None,"Petrillo Music Shell, Grant Park"
200,"Auburn Hills, MI, US","John Mayer and The Suburbs with Ben Folds at The Palace of Auburn Hills (July 5, 2007)",42.696511,-83.2437214,0.438232,2007-07-05,None,The Palace of Auburn Hills
201,"East Rutherford, NJ, US","The Police with Fall Out Boy, John Mayer, Roger Waters, and 14 more… at Giants Stadium (July 7, 2007)",40.8116428,-74.0677452,0.728826,2007-07-07,None,Giants Stadium
202,"Hartford, CT, US","John Mayer and The Suburbs with Ben Folds and Brett Dennen at New England Dodge Music Center (July 14, 2007)",41.7801718,-72.6693191,0.438232,2007-07-14,None,New England Dodge Music Center
203,"Saratoga Springs, NY, US","John Mayer and The Suburbs at Saratoga Performing Arts Center (SPAC) (July 15, 2007)",43.0553703,-73.8055707,0.409792,2007-07-15,None,Saratoga Performing Arts Center (SPAC)
204,"Boston, MA, US","John Mayer and The Suburbs with Ben Folds at TD Garden (July 17, 2007)",42.3661881,-71.0621482,0.438232,2007-07-17,None,TD Garden
205,"Manchester, NH, US","John Mayer at SNHU Arena (July 18, 2007)",42.9860207,-71.463052,0.408713,2007-07-18,None,SNHU Arena
206,"Camden, NJ, US","John Mayer with James Morrison and Ben Folds at BB&T Pavilion (July 20, 2007)",40.0177386,-75.0004321,0.436044,2007-07-20,None,BB&T Pavilion
207,"Hershey, PA, US","John Mayer and The Suburbs at Hersheypark Stadium (July 21, 2007)",40.2926999,-76.6541182,0.438232,2007-07-21,None,Hersheypark Stadium
208,"Atlantic City, NJ, US","John Mayer and Yonder Mountain String Band at Borgata Event Center (July 22, 2007)",39.3770706,-74.4345188,0.438232,2007-07-22,None,Borgata Event Center
209,"Holmdel, NJ, US","John Mayer and The Suburbs with Ben Folds at PNC Bank Arts Center (July 24, 2007)",39.9830657,-74.2135086,0.438232,2007-07-24,None,PNC Bank Arts Center
210,"Washington, DC, US","John Mayer and The Suburbs at Verizon Center (July 25, 2007)",38.8975641,-77.0210577,0.438232,2007-07-25,None,Verizon Center
211,"Uniondale, NY, US","John Mayer and The Suburbs with Ben Folds at NYCB LIVE: Home of the Nassau Veterans Memorial Coliseum (July 26, 2007)",40.7228919,-73.5905136,0.402076,2007-07-26,None,NYCB LIVE: Home of the Nassau Veterans Memorial Coliseum
212,"Virginia Beach, VA, US","John Mayer and The Suburbs with Ben Folds at Veterans United Home Loans Amphitheater (July 30, 2007)",36.7686679,-76.1019623,0.432071,2007-07-30,None,Veterans United Home Loans Amphitheater
213,"Raleigh, NC, US","John Mayer at Time Warner Cable Music Pavilion at Walnut Creek (July 31, 2007)",35.7493881,-78.5763028,0.438232,2007-07-31,None,Time Warner Cable Music Pavilion at Walnut Creek
214,"Charlotte, NC, US","John Mayer and The Suburbs at Verizon Wireless Amphitheatre (August 1, 2007)",35.327362,-80.7106699,0.438232,2007-08-01,None,Verizon Wireless Amphitheatre
215,"Nashville, TN, US","John Mayer and The Suburbs with James Morrison and Ben Folds at Sommet Center (August 3, 2007)",36.159949,-86.77857,0.436477,2007-08-03,None,Sommet Center
216,"Birmingham, AL, US","John Mayer and The Suburbs at Verizon Wireless Music Center (August 4, 2007)",33.3313204,-86.7845336,0.405517,2007-08-04,None,Verizon Wireless Music Center
217,"Atlanta, GA, US","John Mayer and The Suburbs at Philips Arena (August 5, 2007)",33.7570952,-84.3971653,0.438232,2007-08-05,None,Philips Arena
218,"Tampa, FL, US","John Mayer with Ben Folds and Joshua James at Midflorida Credit Union Amphitheatre (August 7, 2007)",27.9896043,-82.3588746,0.438232,2007-08-07,None,Midflorida Credit Union Amphitheatre
219,"West Palm Beach, FL, US","John Mayer with James Morrison and Ben Folds at Coral Sky Amphitheatre at the South Florida Fairgrounds (August 8, 2007)",26.685477,-80.186736,0.409381,2007-08-08,None,Coral Sky Amphitheatre at the South Florida Fairgrounds
220,"Blacksburg, VA, US","Dave Matthews Band with John Mayer, Nas, and Phil Vassar at Lane Stadium (September 6, 2007)",37.2209494,-80.422801,0.405517,2007-09-06,None,Lane Stadium
221,"Los Angeles, CA, US","John Mayer with John Mayer Trio at Microsoft Theater (December 8, 2007)",34.0442944,-118.2656014,0.438232,2007-12-08,21:15:00,Microsoft Theater
222,"Los Angeles, CA, US","John Mayer at Greek Theatre (June 11, 2008)",34.1180501,-118.2938303,0.438232,2008-06-11,19:30:00,Greek Theatre
223,"Milwaukee, WI, US","John Mayer with Colbie Caillat and Brett Dennen at American Family Insurance Amphitheater (July 2, 2008)",43.0344936,-87.8993557,0.410722,2008-07-02,19:30:00,American Family Insurance Amphitheater
224,"Maryland Heights, MO, US","John Mayer with Colbie Caillat and Brett Dennen at Verizon Wireless (July 3, 2008)",38.7456419,-90.469956,0.438232,2008-07-03,23:59:20,Verizon Wireless
225,"Noblesville, IN, US","John Mayer and Mason Brothers Band with Colbie Caillat and Brett Dennen at Verizon Wireless Music Center (July 5, 2008)",40.0049812,-85.9309888,0.438232,2008-07-05,23:59:20,Verizon Wireless Music Center
226,"Rothbury, MI, US","John Mayer at Double JJ Ranch & Golf Resort (July 7, 2008)",43.5386506,-86.3663975,0.438232,2008-07-07,None,Double JJ Ranch & Golf Resort
227,"Wantagh, NY, US","John Mayer with Colbie Caillat and Brett Dennen at Northwell Health at Jones Beach Theater (July 9, 2008)",40.6011406,-73.502518,0.409464,2008-07-09,19:00:00,Northwell Health at Jones Beach Theater
228,"Camden, NJ, US","John Mayer with Colbie Caillat and Brett Dennen at BB&T Pavilion (July 10, 2008)",40.0177386,-75.0004321,0.436044,2008-07-10,23:59:20,BB&T Pavilion
229,"Mansfield, MA, US","John Mayer with Brett Dennen and Colbie Caillat at Xfinity Center (July 12, 2008)",41.9944318,-71.2106493,0.438232,2008-07-12,18:30:00,Xfinity Center
230,"Columbia, MD, US","John Mayer and Mason Brothers Band with Colbie Caillat and Brett Dennen at Merriweather Post Pavilion (July 13, 2008)",39.2087707,-76.8627794,0.438232,2008-07-13,23:59:20,Merriweather Post Pavilion
231,"Holmdel, NJ, US","John Mayer with Colbie Caillat and Brett Dennen at PNC Bank Arts Center (July 15, 2008)",39.9830657,-74.2135086,0.438232,2008-07-15,19:00:00,PNC Bank Arts Center
232,"Cuyahoga Falls, OH, US","John Mayer and Mason Brothers Band with Colbie Caillat and Brett Dennen at Blossom Music Center (July 17, 2008)",41.1913469,-81.5607834,0.438232,2008-07-17,23:59:20,Blossom Music Center
233,"Tinley Park, IL, US","John Mayer with Colbie Caillat and Brett Dennen at Hollywood Casino Amphitheatre (July 18, 2008)",41.5426102,-87.7711529,0.431154,2008-07-18,17:30:00,Hollywood Casino Amphitheatre
234,"West Valley City, UT, US","John Mayer with Colbie Caillat at USANA Amphitheatre (July 21, 2008)",40.6577061,-112.0354199,0.425713,2008-07-21,18:00:00,USANA Amphitheatre
235,"Paso Robles, CA, US","John Mayer with Colbie Caillat at California Mid-State Fairgrounds (July 23, 2008)",35.6382601,-120.6874827,0.438016,2008-07-23,19:00:00,California Mid-State Fairgrounds
236,"Wheatland, CA, US","John Mayer and Mason Brothers Band with Colbie Caillat and Brett Dennen at Toyota Amphitheatre (July 25, 2008)",39.0311867,-121.5153124,0.428151,2008-07-25,17:30:00,Toyota Amphitheatre
237,"Mountain View, CA, US","John Mayer with Colbie Caillat and Brett Dennen at Shoreline Amphitheatre (July 26, 2008)",37.4233243,-122.0780286,0.438232,2008-07-26,17:30:00,Shoreline Amphitheatre
238,"Irvine, CA, US","John Mayer and Mason Brothers Band with Colbie Caillat and Brett Dennen at Irvine Meadows Amphitheatre (July 27, 2008)",33.6370977,-117.7491055,0.438214,2008-07-27,18:00:00,Irvine Meadows Amphitheatre
239,"Chula Vista, CA, US","John Mayer with Colbie Caillat, Brett Dennen, and John Mayall at Mattress Firm Amphitheatre (July 29, 2008)",32.5882959,-117.0060564,0.401509,2008-07-29,19:00:00,Mattress Firm Amphitheatre
240,"Phoenix, AZ, US","John Mayer and Mason Brothers Band with Colbie Caillat and Brett Dennen at Ak-Chin Pavilion (July 30, 2008)",33.470823,-112.232875,0.438232,2008-07-30,19:00:00,Ak-Chin Pavilion
241,"Dallas, TX, US","John Mayer with Colbie Caillat and Brett Dennen at Gexa Energy Pavilion (August 1, 2008)",32.7740979,-96.7568521,0.438232,2008-08-01,18:00:00,Gexa Energy Pavilion
242,"The Woodlands, TX, US","John Mayer with Colbie Caillat and Brett Dennen at Cynthia Woods Mitchell Pavilion (August 2, 2008)",30.161593,-95.464029,0.438232,2008-08-02,19:00:00,Cynthia Woods Mitchell Pavilion
243,"Atlanta, GA, US","John Mayer at Philips Arena (August 5, 2008)",33.7570952,-84.3971653,0.438232,2008-08-05,18:30:00,Philips Arena
244,"Charlotte, NC, US","John Mayer with Paramore at Verizon Wireless Amphitheatre (August 19, 2008)",35.327362,-80.7106699,0.421025,2008-08-19,19:30:00,Verizon Wireless Amphitheatre
245,"Burgettstown, PA, US","John Mayer with Paramore at Keybank Pavilion (August 20, 2008)",40.4197818,-80.4342124,0.421025,2008-08-20,19:00:00,Keybank Pavilion
246,"Darien Center, NY, US","John Mayer and OneRepublic at Darien Lake Performing Arts Center (August 22, 2008)",42.9131989,-78.3894454,0.438232,2008-08-22,19:30:00,Darien Lake Performing Arts Center
247,"Hartford, CT, US","John Mayer with OneRepublic at New England Dodge Music Center (August 23, 2008)",41.7801718,-72.6693191,0.438232,2008-08-23,19:30:00,New England Dodge Music Center
248,"Atlantic City, NJ, US","John Mayer with OneRepublic at Borgata Event Center (August 24, 2008)",39.3770706,-74.4345188,0.438232,2008-08-24,20:00:00,Borgata Event Center
249,"Saratoga Springs, NY, US","John Mayer with OneRepublic at Saratoga Performing Arts Center (SPAC) (August 25, 2008)",43.0553703,-73.8055707,0.453848,2008-08-25,19:30:00,Saratoga Performing Arts Center (SPAC)
250,"Raleigh, NC, US","John Mayer with OneRepublic at Time Warner Cable Music Pavilion at Walnut Creek (August 27, 2008)",35.7493881,-78.5763028,0.438232,2008-08-27,19:30:00,Time Warner Cable Music Pavilion at Walnut Creek
251,"Alpharetta, GA, US","John Mayer at Verizon Wireless Amphitheatre at Encore Park (August 29, 2008)",34.0544157,-84.3066793,0.438232,2008-08-29,20:00:00,Verizon Wireless Amphitheatre at Encore Park
252,"Tampa, FL, US","John Mayer with OneRepublic at Midflorida Credit Union Amphitheatre (August 30, 2008)",27.9896043,-82.3588746,0.438232,2008-08-30,19:00:00,Midflorida Credit Union Amphitheatre
253,"Tampa, FL, US","John Mayer with OneRepublic at Florida State Fairgrounds (August 30, 2008)",27.9896043,-82.3588746,0.438232,2008-08-30,18:00:00,Florida State Fairgrounds
254,"West Palm Beach, FL, US","John Mayer with OneRepublic at Coral Sky Amphitheatre at the South Florida Fairgrounds (August 31, 2008)",26.685477,-80.186736,0.455039,2008-08-31,19:00:00,Coral Sky Amphitheatre at the South Florida Fairgrounds
255,"Charlotte, NC, US","John Mayer at Verizon Wireless Amphitheatre (August 31, 2008)",35.327362,-80.7106699,0.438232,2008-08-31,19:00:00,Verizon Wireless Amphitheatre
256,"Los Angeles, CA, US","John Mayer at Microsoft Theater (December 6, 2008)",34.0442944,-118.2656014,0.438232,2008-12-06,20:00:00,Microsoft Theater
257,"Long Beach, CA, US","John Mayer at Long Beach Arena (March 26, 2009)",33.7652181,-118.1885379,0.438232,2009-03-26,21:15:00,Long Beach Arena
258,"San Jose, CA, US","John Mayer at SAP Center at San Jose (March 26, 2009)",37.3325116,-121.9011855,0.4343,2009-03-26,19:30:00,SAP Center at San Jose
259,"Los Angeles, CA, US","John Mayer at Unknown venue (March 28, 2009)",34.10885,-118.2234229,0.438232,2009-03-28,None,Unknown venue
260,"Los Angeles, CA, US","John Mayer at Unknown venue (March 29, 2009)",34.10885,-118.2234229,0.438232,2009-03-29,None,Unknown venue
261,"Los Angeles, CA, US","John Mayer at Unknown venue (March 31, 2009)",34.10885,-118.2234229,0.438232,2009-03-31,None,Unknown venue
262,"Hollywood, CA, US","Naked Hearts with John Mayer, PWRFL Power, Alex & Sam, and 1 more… at Hotel Cafe (June 14, 2009)",34.1004371,-118.329829,0.438232,2009-06-14,None,Hotel Cafe
263,"Brooklyn, NY, US","John Mayer at Music Hall of Williamsburg (November 16, 2009)",40.7192832,-73.9617103,0.438232,2009-11-16,None,Music Hall of Williamsburg
264,"New York, NY, US","John Mayer at Beacon Theatre (November 17, 2009)",40.7760381,-73.9820377,0.438232,2009-11-17,19:30:00,Beacon Theatre
265,"New York, NY, US","Taylor Swift and John Mayer with Kris Allen, Justin Bieber, and 6 more… at Madison Square Garden (December 11, 2009)",40.7497096,-73.991556,0.620309,2009-12-11,19:00:00,Madison Square Garden
266,"San Diego, CA, US","John Mayer with John Mayer Trio and Mayer Hawthorne and The County at Copley Symphony Hall (December 29, 2009)",32.718063,-117.1579,0.438232,2009-12-29,20:00:00,Copley Symphony Hall
267,"North Charleston, SC, US","John Mayer at North Charleston Coliseum & Performing Arts Center (February 2, 2010)",32.8674796,-80.021241,0.438232,2010-02-02,None,North Charleston Coliseum & Performing Arts Center
268,"Sunrise, FL, US","John Mayer with Michael Franti and Michael Franti & Spearhead at BB&T Center (February 4, 2010)",26.15536,-80.33023,0.402736,2010-02-04,20:00:00,BB&T Center
269,"Tampa, FL, US","John Mayer with Michael Franti & Spearhead and Michael Franti at Amalie Arena (February 5, 2010)",27.94259,-82.45196,0.402736,2010-02-05,20:00:00,Amalie Arena
270,"Jacksonville, FL, US","John Mayer with Michael Franti and Michael Franti & Spearhead at Jacksonville Veterans Memorial Arena (February 6, 2010)",30.32581,-81.64506,0.402736,2010-02-06,20:00:00,Jacksonville Veterans Memorial Arena
271,"North Charleston, SC, US","John Mayer with Michael Franti & Spearhead at North Charleston Coliseum & Performing Arts Center (February 8, 2010)",32.86748,-80.02124,0.402736,2010-02-08,19:00:00,North Charleston Coliseum & Performing Arts Center
272,"Birmingham, AL, US","John Mayer with Michael Franti and Michael Franti & Spearhead at Birmingham Jefferson Convention Complex Arena (BJCC Arena) (February 9, 2010)",33.52307,-86.81151,0.402736,2010-02-09,19:00:00,Birmingham Jefferson Convention Complex Arena (BJCC Arena)
273,"Nashville, TN, US","John Mayer with Michael Franti and Michael Franti & Spearhead at Sommet Center (February 10, 2010)",36.15995,-86.77857,0.402736,2010-02-10,19:00:00,Sommet Center
274,"Auburn Hills, MI, US","John Mayer with Michael Franti & Spearhead at The Palace of Auburn Hills (February 12, 2010)",42.69651,-83.24372,0.402736,2010-02-12,19:00:00,The Palace of Auburn Hills
275,"Uncasville, CT, US","John Mayer with Michael Franti and Michael Franti & Spearhead at Mohegan Sun Resort & Casino (February 19, 2010)",41.4916,-72.09146,0.402736,2010-02-19,19:00:00,Mohegan Sun Resort & Casino
276,"Washington, DC, US","John Mayer with Michael Franti and Michael Franti & Spearhead at Verizon Center (February 20, 2010)",38.89756,-77.02106,0.402736,2010-02-20,19:00:00,Verizon Center
277,"Philadelphia, PA, US","John Mayer with Michael Franti & Spearhead and Michael Franti at Wells Fargo Center (February 21, 2010)",39.90427,-75.17133,0.402736,2010-02-21,19:00:00,Wells Fargo Center
278,"Boston, MA, US","John Mayer with Michael Franti & Spearhead at TD Garden (February 24, 2010)",42.36619,-71.06215,0.402736,2010-02-24,19:00:00,TD Garden
279,"New York, NY, US","John Mayer with Michael Franti and Michael Franti & Spearhead at Madison Square Garden (February 25, 2010)",40.74971,-73.99156,0.402736,2010-02-25,19:00:00,Madison Square Garden
280,"New York, NY, US","John Mayer with Michael Franti and Michael Franti & Spearhead at Madison Square Garden (February 26, 2010)",40.74971,-73.99156,0.402736,2010-02-26,20:00:00,Madison Square Garden
281,"Grand Rapids, MI, US","John Mayer with Michael Franti & Spearhead and Michael Franti at Van Andel Arena (February 28, 2010)",42.9621,-85.67158,0.402736,2010-02-28,19:00:00,Van Andel Arena
282,"Milwaukee, WI, US","John Mayer with Michael Franti and Michael Franti & Spearhead at BMO Harris Bradley Center (March 1, 2010)",43.04373,-87.91717,0.402736,2010-03-01,19:00:00,BMO Harris Bradley Center
283,"St. Paul, MN, US","John Mayer with Michael Franti and Michael Franti & Spearhead at Xcel Energy Center (March 2, 2010)",44.94344,-93.10015,0.402736,2010-03-02,20:00:00,Xcel Energy Center
284,"Omaha, NE, US","John Mayer with Michael Franti & Spearhead at CenturyLink Center & Arena (March 4, 2010)",41.26372,-95.92927,0.402736,2010-03-04,20:00:00,CenturyLink Center & Arena
285,"Oklahoma City, OK, US","John Mayer with Michael Franti and Michael Franti & Spearhead at Chesapeake Energy Arena (March 5, 2010)",35.46339,-97.51459,0.402736,2010-03-05,20:00:00,Chesapeake Energy Arena
286,"Houston, TX, US","John Mayer with Michael Franti & Spearhead at Toyota Center (March 6, 2010)",29.75198,-95.36218,0.402736,2010-03-06,19:00:00,Toyota Center
287,"Austin, TX, US","John Mayer with Michael Franti and Michael Franti & Spearhead at Frank Erwin Center, University of Texas (March 8, 2010)",30.27639,-97.73242,0.402736,2010-03-08,19:00:00,"Frank Erwin Center, University of Texas"
288,"Dallas, TX, US","John Mayer with Michael Franti & Spearhead and Michael Franti at American Airlines Center (March 9, 2010)",32.79044,-96.81016,0.402736,2010-03-09,20:00:00,American Airlines Center
289,"New Orleans, LA, US","John Mayer with Michael Franti and Michael Franti & Spearhead at New Orleans Arena (March 10, 2010)",29.95191,-90.07959,0.402736,2010-03-10,20:00:00,New Orleans Arena
290,"Columbus, OH, US","John Mayer with Michael Franti and Michael Franti & Spearhead at Nationwide Arena (March 12, 2010)",39.9694,-83.00636,0.402736,2010-03-12,20:00:00,Nationwide Arena
291,"Louisville, KY, US","John Mayer with Michael Franti and Michael Franti & Spearhead at Freedom Hall - Kentucky State Fair & Expo Center (March 13, 2010)",38.19505,-85.73832,0.402736,2010-03-13,20:00:00,Freedom Hall - Kentucky State Fair & Expo Center
292,"Greensboro, NC, US","John Mayer with Michael Franti and Michael Franti & Spearhead at Greensboro Coliseum Complex (March 15, 2010)",36.05976,-79.82567,0.402736,2010-03-15,19:30:00,Greensboro Coliseum Complex
293,"Charlottesville, VA, US","John Mayer with Michael Franti & Spearhead and Michael Franti at John Paul Jones Arena (March 16, 2010)",38.04588,-78.50665,0.402736,2010-03-16,19:00:00,John Paul Jones Arena
294,"Atlanta, GA, US","John Mayer with Michael Franti & Spearhead and Michael Franti at Philips Arena (March 17, 2010)",33.7571,-84.39717,0.402736,2010-03-17,20:00:00,Philips Arena
295,"Memphis, TN, US","John Mayer with Michael Franti and Michael Franti & Spearhead at FedEx Forum (March 19, 2010)",35.13951,-90.0517,0.402736,2010-03-19,20:00:00,FedEx Forum
296,"St Louis, MO, US","John Mayer with Michael Franti & Spearhead at Scottrade Center (March 20, 2010)",38.62618,-90.20213,0.402736,2010-03-20,20:00:00,Scottrade Center
297,"Kansas City, MO, US","John Mayer with Michael Franti & Spearhead at Sprint Center (March 22, 2010)",39.09715,-94.58103,0.402736,2010-03-22,20:00:00,Sprint Center
298,"Denver, CO, US","John Mayer with Michael Franti & Spearhead and Michael Franti at Pepsi Center (March 23, 2010)",39.74557,-105.01048,0.402736,2010-03-23,20:00:00,Pepsi Center
299,"Los Angeles, CA, US","John Mayer with Michael Franti & Spearhead and Michael Franti at Staples Center (March 25, 2010)",34.04298,-118.26682,0.402736,2010-03-25,20:00:00,Staples Center
300,"San Jose, CA, US","John Mayer with Michael Franti & Spearhead and Michael Franti at SAP Center at San Jose (March 26, 2010)",37.33251,-121.90119,0.402736,2010-03-26,19:30:00,SAP Center at San Jose
301,"Las Vegas, NV, US","John Mayer with Michael Franti and Michael Franti & Spearhead at Mandalay Bay Events Center (March 27, 2010)",36.09197,-115.17306,0.402736,2010-03-27,20:00:00,Mandalay Bay Events Center
302,"Portland, OR, US","John Mayer with Michael Franti & Spearhead and Michael Franti at Rose Garden Arena (March 30, 2010)",45.53161,-122.66729,0.402736,2010-03-30,20:00:00,Rose Garden Arena
303,"Seattle, WA, US","John Mayer with Michael Franti & Spearhead, Michael Franti, and Battle Studies at KeyArena at Seattle Center (March 31, 2010)",47.62164,-122.3507,0.402736,2010-03-31,20:00:00,KeyArena at Seattle Center
304,"Fargo, ND, US","John Mayer with Michael Franti and Michael Franti & Spearhead at Fargodome (April 8, 2010)",46.90293,-96.80176,0.402736,2010-04-08,20:00:00,Fargodome
305,"Chicago, IL, US","John Mayer with Michael Franti & Spearhead at United Center (April 10, 2010)",41.88126,-87.67415,0.402736,2010-04-10,20:00:00,United Center
306,"Chicago, IL, US","John Mayer at United Center (April 11, 2010)",41.8812601,-87.674145,0.438232,2010-04-11,None,United Center
307,"Bridgeview, IL, US","Eric Clapton with Allman Brothers Band, ZZ Top, Steve Winwood, and 6 more… at Toyota Park (June 25, 2010)",41.762979,-87.805175,0.426761,2010-06-25,None,Toyota Park
308,"Bridgeview, IL, US",Crossroads Guitar Festival 2010,41.76298,-87.80518,0.403005,2010-06-26,10:00:00,Toyota Park
309,"Bridgeview, IL, US","Eric Clapton, Jeff Beck, Bert Jansch, Earl Klugh, and 8 more… at Toyota Park (June 26, 2010)",41.762979,-87.805175,0.426761,2010-06-26,12:00:00,Toyota Park
310,"Charlotte, NC, US","John Mayer and Train at Verizon Wireless Amphitheatre (July 16, 2010)",35.327362,-80.7106699,0.401596,2010-07-16,19:00:00,Verizon Wireless Amphitheatre
311,"Raleigh, NC, US","John Mayer and Train at Time Warner Cable Music Pavilion at Walnut Creek (July 17, 2010)",35.7493881,-78.5763028,0.401596,2010-07-17,19:00:00,Time Warner Cable Music Pavilion at Walnut Creek
312,"Virginia Beach, VA, US","John Mayer and Guster at Veterans United Home Loans Amphitheater (July 18, 2010)",36.7686679,-76.1019623,0.40518,2010-07-18,19:00:00,Veterans United Home Loans Amphitheater
313,"Washington, DC, US","John Mayer at Concert Hall, Kennedy Center (July 20, 2010)",38.89606,-77.055198,0.438232,2010-07-20,18:00:00,"Concert Hall, Kennedy Center"
314,"Camden, NJ, US","John Mayer with Train at BB&T Pavilion (July 20, 2010)",40.0177386,-75.0004321,0.401596,2010-07-20,None,BB&T Pavilion
315,"Wantagh, NY, US","John Mayer with Train at Northwell Health at Jones Beach Theater (July 21, 2010)",40.6011406,-73.502518,0.401596,2010-07-21,19:30:00,Northwell Health at Jones Beach Theater
316,"Wantagh, NY, US","John Mayer with Train at Northwell Health at Jones Beach Theater (July 22, 2010)",40.6011406,-73.502518,0.401596,2010-07-22,None,Northwell Health at Jones Beach Theater
317,"Scranton, PA, US","John Mayer and Train at Pavilion at Montage Mountain (July 24, 2010)",41.3479758,-75.6638888,0.401596,2010-07-24,19:00:00,Pavilion at Montage Mountain
318,"Hershey, PA, US","John Mayer, Train, and John Mayer Trio at Hersheypark Stadium (July 25, 2010)",40.2926999,-76.6541182,0.401596,2010-07-25,19:00:00,Hersheypark Stadium
319,"Cincinnati, OH, US","John Mayer, Train, and John Mayer Trio at Riverbend Music Center (July 27, 2010)",39.052082,-84.416862,0.401596,2010-07-27,19:00:00,Riverbend Music Center
320,"Clarkston, MI, US","John Mayer and Train at DTE Energy Music Theatre (July 28, 2010)",42.7510124,-83.380305,0.401596,2010-07-28,19:00:00,DTE Energy Music Theatre
321,"Camden, NJ, US","John Mayer, Train, and John Mayer Trio at BB&T Pavilion (July 30, 2010)",40.0177386,-75.0004321,0.401596,2010-07-30,19:30:00,BB&T Pavilion
322,"Bristow, VA, US","John Mayer, The Avett Brothers, and John Mayer Trio at Jiffy Lube Live (July 31, 2010)",38.786011,-77.587845,0.438232,2010-07-31,19:00:00,Jiffy Lube Live
323,"Burgettstown, PA, US","John Mayer, Train, and John Mayer Trio at Keybank Pavilion (August 1, 2010)",40.4197818,-80.4342124,0.401596,2010-08-01,19:30:00,Keybank Pavilion
324,"Holmdel, NJ, US","John Mayer and Train at PNC Bank Arts Center (August 3, 2010)",39.9830657,-74.2135086,0.401596,2010-08-03,19:00:00,PNC Bank Arts Center
325,"Bethel, NY, US","John Mayer, Train, and John Mayer Trio at Bethel Woods Center for the Arts (August 4, 2010)",41.699674,-74.879679,0.401596,2010-08-04,20:00:00,Bethel Woods Center for the Arts
326,"Hershey, PA, US","John Mayer at Hersheypark Stadium (August 5, 2010)",40.2926999,-76.6541182,0.438232,2010-08-05,19:00:00,Hersheypark Stadium
327,"Mansfield, MA, US","John Mayer and Train at Xfinity Center (August 6, 2010)",41.9944318,-71.2106493,0.401596,2010-08-06,19:00:00,Xfinity Center
328,"Hartford, CT, US","John Mayer, Train, and John Mayer Trio at Xfinity Theatre (August 7, 2010)",41.7801718,-72.6693191,0.401596,2010-08-07,19:30:00,Xfinity Theatre
329,"Saratoga Springs, NY, US","John Mayer and John Mayer Trio with Train at Saratoga Performing Arts Center (SPAC) (August 8, 2010)",43.0553703,-73.8055707,0.401596,2010-08-08,19:00:00,Saratoga Performing Arts Center (SPAC)
330,"Darien Center, NY, US","Train and John Mayer at Darien Lake Performing Arts Center (August 10, 2010)",42.9131989,-78.3894454,0.401596,2010-08-10,19:00:00,Darien Lake Performing Arts Center
331,"Cuyahoga Falls, OH, US","John Mayer with The Avett Brothers at Blossom Music Center (August 13, 2010)",41.1913469,-81.5607834,0.438232,2010-08-13,19:00:00,Blossom Music Center
332,"Tinley Park, IL, US","John Mayer with The Avett Brothers at Hollywood Casino Amphitheatre (August 14, 2010)",41.5426102,-87.7711529,0.431154,2010-08-14,19:00:00,Hollywood Casino Amphitheatre
333,"Noblesville, IN, US","John Mayer with The Avett Brothers at Verizon Wireless Music Center (August 15, 2010)",40.0049812,-85.9309888,0.438232,2010-08-15,19:00:00,Verizon Wireless Music Center
334,"Phoenix, AZ, US","John Mayer with Owl City at Ak-Chin Pavilion (August 18, 2010)",33.470823,-112.232875,0.402375,2010-08-18,19:00:00,Ak-Chin Pavilion
335,"Mountain View, CA, US","John Mayer with Owl City at Shoreline Amphitheatre (August 20, 2010)",37.4233243,-122.0780286,0.402375,2010-08-20,19:00:00,Shoreline Amphitheatre
336,"Wheatland, CA, US","John Mayer with Owl City at Toyota Amphitheatre (August 21, 2010)",39.0311867,-121.5153124,0.402375,2010-08-21,19:30:00,Toyota Amphitheatre
337,"Los Angeles, CA, US","John Mayer with Owl City at Hollywood Bowl (August 22, 2010)",34.113088,-118.339373,0.402375,2010-08-22,18:30:00,Hollywood Bowl
338,"Irvine, CA, US","John Mayer with Owl City at Irvine Meadows Amphitheatre (August 24, 2010)",33.6370977,-117.7491055,0.402375,2010-08-24,19:00:00,Irvine Meadows Amphitheatre
339,"Chula Vista, CA, US","John Mayer with Owl City at Mattress Firm Amphitheatre (August 25, 2010)",32.5882959,-117.0060564,0.402375,2010-08-25,19:00:00,Mattress Firm Amphitheatre
340,"George, WA, US","Keith Urban and John Mayer with The Avett Brothers at Gorge Amphitheatre (August 28, 2010)",47.0959471,-119.9826336,0.438232,2010-08-28,19:00:00,Gorge Amphitheatre
341,"West Valley City, UT, US","John Mayer with Owl City at USANA Amphitheatre (August 31, 2010)",40.6577061,-112.0354199,0.402375,2010-08-31,19:00:00,USANA Amphitheatre
342,"Morrison, CO, US","John Mayer with Owl City at Red Rocks Amphitheatre (September 1, 2010)",39.6800052,-105.1972399,0.402375,2010-09-01,18:30:00,Red Rocks Amphitheatre
343,"Denver, CO, US","Jenny Lee with Josh Holland, Hot White, and John Mayer at Meadowlark (September 2, 2010)",39.759669,-104.9841308,0.438232,2010-09-02,21:00:00,Meadowlark
344,"Tulsa, OK, US","John Mayer and Keith Carlock with Owl City at BOK Center (September 3, 2010)",36.152764,-95.996227,0.402375,2010-09-03,19:00:00,BOK Center
345,"Dallas, TX, US","John Mayer with Owl City at Gexa Energy Pavilion (September 4, 2010)",32.7740979,-96.7568521,0.402375,2010-09-04,19:30:00,Gexa Energy Pavilion
346,"The Woodlands, TX, US","John Mayer and Owl City at Cynthia Woods Mitchell Pavilion (September 5, 2010)",30.161593,-95.464029,0.402375,2010-09-05,19:00:00,Cynthia Woods Mitchell Pavilion
347,"Orange Beach, AL, US","John Mayer with Owl City at Amphitheater at the Wharf (September 6, 2010)",30.2919845,-87.6285968,0.402375,2010-09-06,19:00:00,Amphitheater at the Wharf
348,"Atlanta, GA, US","John Mayer with Owl City at Cellairis Amphitheatre at Lakewood (September 8, 2010)",33.7042695,-84.396095,0.402375,2010-09-08,19:00:00,Cellairis Amphitheatre at Lakewood
349,"Tampa, FL, US","John Mayer with Owl City at Midflorida Credit Union Amphitheatre (September 10, 2010)",27.9896043,-82.3588746,0.402375,2010-09-10,18:00:00,Midflorida Credit Union Amphitheatre
350,"West Palm Beach, FL, US","John Mayer with Owl City at Coral Sky Amphitheatre at the South Florida Fairgrounds (September 11, 2010)",26.685477,-80.186736,0.402375,2010-09-11,19:00:00,Coral Sky Amphitheatre at the South Florida Fairgrounds
351,"Claremont, CA, US","John Mayer at Hip Kitty Jazz & Fondue (September 12, 2010)",34.0946109,-117.7210447,0.438232,2010-09-12,None,Hip Kitty Jazz & Fondue
352,"New York, NY, US","Sade, Jay-Z, Alicia Keys, Queen Latifah, and 4 more… at Manhattan Center Hammerstein Ballroom (September 30, 2010)",40.75285,-73.99418,0.444122,2010-09-30,None,Manhattan Center Hammerstein Ballroom
353,"Los Angeles, CA, US","Arcade Fire, Eminem, Katy Perry, Lady Gaga, and 29 more… at Staples Center (February 13, 2011)",34.04298,-118.26682,0.94816,2011-02-13,None,Staples Center
354,"Pasadena, CA, US","John Mayer at RedWhite + Bluezz - Old Location (February 28, 2011)",34.1446482,-118.1487139,0.431356,2011-02-28,None,RedWhite + Bluezz - Old Location
355,"Pasadena, CA, US","John Mayer at RedWhite + Bluezz - Old Location (April 4, 2011)",34.1446482,-118.1487139,0.431356,2011-04-04,None,RedWhite + Bluezz - Old Location
356,"Pasadena, CA, US","John Mayer at RedWhite + Bluezz - Old Location (April 18, 2011)",34.1446482,-118.1487139,0.431356,2011-04-18,None,RedWhite + Bluezz - Old Location
357,"Las Vegas, NV, US","Keith Urban and John Mayer at Mandalay Bay Resort & Casino (April 30, 2011)",36.0919655,-115.1730561,0.438232,2011-04-30,20:30:00,Mandalay Bay Resort & Casino
358,"Los Angeles, CA, US","John Mayer at Crowne Plaza Hotel Los Angeles Airport (May 1, 2011)",33.9461664,-118.3888496,0.438232,2011-05-01,None,Crowne Plaza Hotel Los Angeles Airport
359,"Pasadena, CA, US","John Mayer at RedWhite + Bluezz - Old Location (May 10, 2011)",34.1446482,-118.1487139,0.431356,2011-05-10,None,RedWhite + Bluezz - Old Location
360,"Pasadena, CA, US","John Mayer at RedWhite + Bluezz - Old Location (May 23, 2011)",34.1446482,-118.1487139,0.431356,2011-05-23,None,RedWhite + Bluezz - Old Location
361,"Pasadena, CA, US","John Mayer at RedWhite + Bluezz - Old Location (June 6, 2011)",34.1446482,-118.1487139,0.431356,2011-06-06,None,RedWhite + Bluezz - Old Location
362,"Pasadena, CA, US","John Mayer at RedWhite + Bluezz - Old Location (June 27, 2011)",34.1446482,-118.1487139,0.431356,2011-06-27,None,RedWhite + Bluezz - Old Location
363,"Pasadena, CA, US","John Mayer at RedWhite + Bluezz - Old Location (July 3, 2011)",34.1446482,-118.1487139,0.431356,2011-07-03,None,RedWhite + Bluezz - Old Location
364,"Pasadena, CA, US","John Mayer at RedWhite + Bluezz - Old Location (July 12, 2011)",34.1446482,-118.1487139,0.431356,2011-07-12,None,RedWhite + Bluezz - Old Location
365,"Pasadena, CA, US","John Mayer with Doug Macdonald at RedWhite + Bluezz - Old Location (August 8, 2011)",34.1446482,-118.1487139,0.431356,2011-08-08,None,RedWhite + Bluezz - Old Location
366,"Pasadena, CA, US","John Mayer at RedWhite + Bluezz - Old Location (August 28, 2011)",34.1446482,-118.1487139,0.431356,2011-08-28,None,RedWhite + Bluezz - Old Location
367,"Pasadena, CA, US","John Mayer at RedWhite + Bluezz - Old Location (October 10, 2011)",34.1446482,-118.1487139,0.431356,2011-10-10,18:30:00,RedWhite + Bluezz - Old Location
368,"Pasadena, CA, US","John Mayer at RedWhite + Bluezz - Old Location (December 19, 2011)",34.1446482,-118.1487139,0.431356,2011-12-19,18:30:00,RedWhite + Bluezz - Old Location
369,"Phoenix, AZ, US","John Mayer with Kacey Musgraves at Comerica Theatre (May 6, 2012)",33.448775,-112.079564,0.438232,2012-05-06,18:30:00,Comerica Theatre
370,"Los Angeles, CA, US","John Mayer at The GRAMMY Museum (May 10, 2012)",34.04503,-118.2656326,0.438232,2012-05-10,None,The GRAMMY Museum
371,"Los Angeles, CA, US","John Mayer at Crowne Plaza Hotel Los Angeles Airport (August 23, 2012)",33.9461664,-118.3888496,0.438232,2012-08-23,19:00:00,Crowne Plaza Hotel Los Angeles Airport
372,"Nashville, TN, US",Southern Ground Music & Food Festival 2012,36.16023,-86.7731,0.402736,2012-09-21,None,The Lawn at Riverfront Park
373,"East Rutherford, NJ, US",Love for Levon 2012,40.8129701,-74.0701818,0.401988,2012-10-03,20:00:00,Izod Center
374,"Bozeman, MT, US","John Mayer at Crawford Theater, Emerson Center (January 16, 2013)",45.6778137,-111.0406994,0.438232,2013-01-16,None,"Crawford Theater, Emerson Center"
375,"Los Angeles, CA, US","John Mayer with Kate Reid at Crowne Plaza Hotel Los Angeles Airport (March 14, 2013)",33.9461664,-118.3888496,0.438232,2013-03-14,19:00:00,Crowne Plaza Hotel Los Angeles Airport
376,"New York, NY, US",Crossroads Guitar Festival 2013,40.74971,-73.99156,0.403005,2013-04-12,19:30:00,Madison Square Garden
377,"Los Angeles, CA, US","Rush, Heart, Randy Newman, Lou Adler, and 18 more… at Microsoft Theater (April 18, 2013)",34.04429,-118.2656,0.568649,2013-04-18,19:00:00,Microsoft Theater
378,"Tuscaloosa, AL, US","John Mayer with St. Paul and The Broken Bones at Tuscaloosa Amphitheater (April 25, 2013)",33.211159,-87.5737437,0.416346,2013-04-25,19:30:00,Tuscaloosa Amphitheater
379,"New Orleans, LA, US",New Orleans Jazz & Heritage Festival 2013,29.98378,-90.07698,0.829831,2013-04-26,None,Fair Grounds Race Course
380,"Milwaukee, WI, US",SummerFest 2013,43.03155,-87.89999,0.599621,2013-06-26,19:30:00,U.S. Cellular Connection Stage
381,"Philadelphia, PA, US","John Mayer at Liacouras Center (July 2, 2013)",39.9798642,-75.1583913,0.438232,2013-07-02,None,Liacouras Center
382,"Philadelphia, PA, US",Fourth of July Jam 2013,39.9602094,-75.1735465,0.403658,2013-07-04,None,Benjamin Franklin Parkway
383,"Milwaukee, WI, US","John Mayer with Phillip Phillips at American Family Insurance Amphitheater (July 6, 2013)",43.0344936,-87.8993557,0.410722,2013-07-06,19:30:00,American Family Insurance Amphitheater
384,"Maryland Heights, MO, US","John Mayer with Phillip Phillips at Verizon Wireless (July 7, 2013)",38.7456419,-90.469956,0.438232,2013-07-07,19:00:00,Verizon Wireless
385,"Cincinnati, OH, US","John Mayer with Phillip Phillips and Born at Riverbend Music Center (July 9, 2013)",39.052082,-84.416862,0.438232,2013-07-09,19:30:00,Riverbend Music Center
386,"Bonner Springs, KS, US","John Mayer at Providence Medical Center Amphitheater (July 10, 2013)",39.112703,-94.876846,0.402453,2013-07-10,19:00:00,Providence Medical Center Amphitheater
387,"The Woodlands, TX, US","John Mayer with Phillip Phillips at Cynthia Woods Mitchell Pavilion (July 12, 2013)",30.161593,-95.464029,0.438232,2013-07-12,06:00:00,Cynthia Woods Mitchell Pavilion
388,"Dallas, TX, US","John Mayer with Phillip Phillips at Gexa Energy Pavilion (July 13, 2013)",32.7740979,-96.7568521,0.438232,2013-07-13,19:30:00,Gexa Energy Pavilion
389,"Morrison, CO, US","John Mayer with Phillip Phillips at Red Rocks Amphitheatre (July 16, 2013)",39.6800052,-105.1972399,0.438232,2013-07-16,19:30:00,Red Rocks Amphitheatre
390,"Morrison, CO, US","John Mayer with Phillip Phillips at Red Rocks Amphitheatre (July 17, 2013)",39.6800052,-105.1972399,0.438232,2013-07-17,19:30:00,Red Rocks Amphitheatre
391,"Ridgefield, WA, US","John Mayer with Phillip Phillips at Sunlight Supply Amphitheater (July 19, 2013)",45.746432,-122.666113,0.428744,2013-07-19,19:30:00,Sunlight Supply Amphitheater
392,"George, WA, US","John Mayer with Phillip Phillips at Gorge Amphitheatre (July 20, 2013)",47.0959471,-119.9826336,0.438232,2013-07-20,19:30:00,Gorge Amphitheatre
393,"Paso Robles, CA, US","John Mayer with Phillip Phillips and Philp Phillips at California Mid-State Fairgrounds (July 22, 2013)",35.6382601,-120.6874827,0.438016,2013-07-22,19:30:00,California Mid-State Fairgrounds
394,"Wheatland, CA, US","John Mayer with Phillip Phillips at Toyota Amphitheatre (July 24, 2013)",39.0311867,-121.5153124,0.428151,2013-07-24,19:00:00,Toyota Amphitheatre
395,"Mountain View, CA, US","John Mayer with Phillip Phillips at Shoreline Amphitheatre (July 26, 2013)",37.4233243,-122.0780286,0.438232,2013-07-26,19:00:00,Shoreline Amphitheatre
396,"Irvine, CA, US","John Mayer with Phillip Phillips at Irvine Meadows Amphitheatre (July 27, 2013)",33.6370977,-117.7491055,0.438214,2013-07-27,19:30:00,Irvine Meadows Amphitheatre
397,"Cuyahoga Falls, OH, US","John Mayer with Phillip Phillips at Blossom Music Center (August 6, 2013)",41.1913469,-81.5607834,0.438232,2013-08-06,19:30:00,Blossom Music Center
398,"Clarkston, MI, US","John Mayer with Phillip Phillips at DTE Energy Music Theatre (August 7, 2013)",42.7510124,-83.380305,0.438232,2013-08-07,19:30:00,DTE Energy Music Theatre
399,"Tinley Park, IL, US","John Mayer with Phillip Phillips at Hollywood Casino Amphitheatre (August 9, 2013)",41.5426102,-87.7711529,0.431154,2013-08-09,19:00:00,Hollywood Casino Amphitheatre
400,"Noblesville, IN, US","John Mayer with Phillip Phillips at Ruoff Mortgage Music Center (August 10, 2013)",40.0049812,-85.9309888,0.402453,2013-08-10,19:30:00,Ruoff Mortgage Music Center
401,"Springfield, IL, US","John Mayer with Phillip Phillips at Grandstand, Illinois State Fair (August 11, 2013)",39.8,-89.64,0.405517,2013-08-11,None,"Grandstand, Illinois State Fair"
402,"Darien Center, NY, US","John Mayer with Phillip Phillips and Born at Darien Lake Performing Arts Center (August 13, 2013)",42.9131989,-78.3894454,0.438232,2013-08-13,19:00:00,Darien Lake Performing Arts Center
403,"Hartford, CT, US","John Mayer with Phillip Phillips and Born at Xfinity Theatre (August 16, 2013)",41.7801718,-72.6693191,0.438232,2013-08-16,19:00:00,Xfinity Theatre
404,"Mansfield, MA, US","John Mayer with Phillip Phillips at Xfinity Center (August 17, 2013)",41.9944318,-71.2106493,0.438232,2013-08-17,19:30:00,Xfinity Center
405,"Gilford, NH, US","John Mayer with Phillip Phillips at Bank of New Hampshire Pavilion (August 18, 2013)",43.5778673,-71.4095711,0.428294,2013-08-18,19:30:00,Bank of New Hampshire Pavilion
406,"Bethel, NY, US","John Mayer with Phillip Phillips at Bethel Woods Center for the Arts (August 20, 2013)",41.699674,-74.879679,0.410714,2013-08-20,19:30:00,Bethel Woods Center for the Arts
407,"Holmdel, NJ, US","John Mayer with Phillip Phillips at PNC Bank Arts Center (August 21, 2013)",39.9830657,-74.2135086,0.438232,2013-08-21,19:00:00,PNC Bank Arts Center
408,"Camden, NJ, US","John Mayer with Phillip Phillips at BB&T Pavilion (August 23, 2013)",40.0177386,-75.0004321,0.436044,2013-08-23,19:30:00,BB&T Pavilion
409,"Virginia Beach, VA, US","John Mayer with Phillip Phillips at Veterans United Home Loans Amphitheater (August 24, 2013)",36.7686679,-76.1019623,0.432071,2013-08-24,20:00:00,Veterans United Home Loans Amphitheater
410,"Burgettstown, PA, US","John Mayer with Phillip Phillips at Keybank Pavilion (August 25, 2013)",40.4197818,-80.4342124,0.417688,2013-08-25,19:00:00,Keybank Pavilion
411,"Allentown, PA, US","John Mayer with Phillip Phillips at Allentown Fairgrounds (August 27, 2013)",40.6007854,-75.4942274,0.438232,2013-08-27,19:30:00,Allentown Fairgrounds
412,"Wantagh, NY, US","John Mayer with Phillip Phillips at Northwell Health at Jones Beach Theater (August 28, 2013)",40.6011406,-73.502518,0.409464,2013-08-28,18:00:00,Northwell Health at Jones Beach Theater
413,"Saratoga Springs, NY, US","John Mayer with Phillip Phillips at Saratoga Performing Arts Center (SPAC) (August 30, 2013)",43.0553703,-73.8055707,0.409792,2013-08-30,19:30:00,Saratoga Performing Arts Center (SPAC)
414,"Bristow, VA, US","John Mayer with Phillip Phillips and Born at Jiffy Lube Live (August 31, 2013)",38.786011,-77.587845,0.438232,2013-08-31,19:30:00,Jiffy Lube Live
415,"Atlantic City, NJ, US","John Mayer at Borgata Event Center (September 1, 2013)",39.3770706,-74.4345188,0.438232,2013-09-01,20:00:00,Borgata Event Center
416,"Charlotte, NC, US","John Mayer with Phillip Phillips at Verizon Wireless Amphitheatre (September 4, 2013)",35.327362,-80.7106699,0.438232,2013-09-04,None,Verizon Wireless Amphitheatre
417,"Raleigh, NC, US","John Mayer with Phillip Phillips at Time Warner Cable Music Pavilion at Walnut Creek (September 5, 2013)",35.7493881,-78.5763028,0.438232,2013-09-05,None,Time Warner Cable Music Pavilion at Walnut Creek
418,"Tampa, FL, US","John Mayer with Phillip Phillips at Midflorida Credit Union Amphitheatre (September 7, 2013)",27.9896043,-82.3588746,0.438232,2013-09-07,19:30:00,Midflorida Credit Union Amphitheatre
419,"West Palm Beach, FL, US","John Mayer with Phillip Phillips at Coral Sky Amphitheatre at the South Florida Fairgrounds (September 8, 2013)",26.685477,-80.186736,0.409381,2013-09-08,19:30:00,Coral Sky Amphitheatre at the South Florida Fairgrounds
420,"Pasadena, CA, US","John Mayer at RedWhite + Bluezz - Old Location (September 15, 2013)",34.1446482,-118.1487139,0.431356,2013-09-15,11:00:00,RedWhite + Bluezz - Old Location
421,"Atlanta, GA, US","John Mayer with Phillip Phillips at Cellairis Amphitheatre at Lakewood (September 27, 2013)",33.7042695,-84.396095,0.407283,2013-09-27,19:30:00,Cellairis Amphitheatre at Lakewood
422,"New York, NY, US",Global Citizen Festival 2013,40.7700703,-73.9580246,0.616708,2013-09-28,None,Great Lawn at Central Park
423,"Albuquerque, NM, US","John Mayer with Phillip Phillips at Isleta Amphitheater (October 1, 2013)",34.993524,-106.63313,0.438232,2013-10-01,19:30:00,Isleta Amphitheater
424,"Phoenix, AZ, US","John Mayer with Phillip Phillips at Ak-Chin Pavilion (October 2, 2013)",33.470823,-112.232875,0.438232,2013-10-02,19:30:00,Ak-Chin Pavilion
425,"Chula Vista, CA, US","John Mayer with Phillip Phillips at Mattress Firm Amphitheatre (October 4, 2013)",32.5882959,-117.0060564,0.411681,2013-10-04,19:30:00,Mattress Firm Amphitheatre
426,"Los Angeles, CA, US","John Mayer with Phillip Phillips at Hollywood Bowl (October 5, 2013)",34.113088,-118.339373,0.438232,2013-10-05,19:30:00,Hollywood Bowl
427,"Chula Vista, CA, US","Maroon 5 with Kelly Clarkson, Rozzi, and John Mayer at Mattress Firm Amphitheatre (October 5, 2013)",32.5882959,-117.0060564,0.807953,2013-10-05,02:30:00,Mattress Firm Amphitheatre
428,"Pasadena, CA, US","John Mayer at RedWhite + Bluezz - Old Location (October 13, 2013)",34.1446482,-118.1487139,0.431356,2013-10-13,11:00:00,RedWhite + Bluezz - Old Location
429,"Pasadena, CA, US","John Mayer at RedWhite + Bluezz - Old Location (October 20, 2013)",34.1446482,-118.1487139,0.431356,2013-10-20,11:00:00,RedWhite + Bluezz - Old Location
430,"Lincoln, NE, US","John Mayer with Phillip Phillips at Pinnacle Bank Arena (November 22, 2013)",40.8184465,-96.7128179,0.429307,2013-11-22,19:00:00,Pinnacle Bank Arena
431,"Minneapolis, MN, US","John Mayer with Born and Phillip Phillips at Target Center (November 23, 2013)",44.979657,-93.274889,0.438232,2013-11-23,19:00:00,Target Center
432,"Louisville, KY, US","John Mayer at KFC Yum! Center (November 26, 2013)",38.2566416,-85.7539205,0.438232,2013-11-26,19:00:00,KFC Yum! Center
433,"Memphis, TN, US","John Mayer with Phillip Phillips at FedEx Forum (November 29, 2013)",35.1395093,-90.0517042,0.438232,2013-11-29,19:00:00,FedEx Forum
434,"Oklahoma City, OK, US","John Mayer with Born and Phillip Phillips at Chesapeake Energy Arena (November 30, 2013)",35.463391,-97.514594,0.438232,2013-11-30,19:00:00,Chesapeake Energy Arena
435,"Wichita, KS, US","John Mayer with Phillip Phillips at Intrust Bank Arena (December 1, 2013)",37.6826661,-97.3321472,0.438232,2013-12-01,19:00:00,Intrust Bank Arena
436,"Columbus, OH, US","John Mayer at Value City Arena, Schottenstein Center (December 3, 2013)",40.0080079,-83.0249081,0.438232,2013-12-03,19:00:00,"Value City Arena, Schottenstein Center"
437,"Nashville, TN, US","John Mayer at Bridgestone Arena (December 4, 2013)",36.159949,-86.77857,0.438232,2013-12-04,19:00:00,Bridgestone Arena
438,"Austin, TX, US","John Mayer with Phillip Phillips at Frank Erwin Center, University of Texas (December 6, 2013)",30.276391,-97.732422,0.438232,2013-12-06,19:00:00,"Frank Erwin Center, University of Texas"
439,"New Orleans, LA, US","John Mayer with Phillip Phillips at New Orleans Arena (December 7, 2013)",29.9519059,-90.0795886,0.438232,2013-12-07,19:00:00,New Orleans Arena
440,"Orlando, FL, US","Born with John Mayer at Amway Center (December 9, 2013)",28.548781,-81.386912,0.438232,2013-12-09,19:00:00,Amway Center
441,"Jacksonville, FL, US","John Mayer at Jacksonville Veterans Memorial Arena (December 10, 2013)",30.325811,-81.645058,0.438232,2013-12-10,19:00:00,Jacksonville Veterans Memorial Arena
442,"North Charleston, SC, US","John Mayer at North Charleston Coliseum & Performing Arts Center (December 12, 2013)",32.8674796,-80.021241,0.438232,2013-12-12,19:00:00,North Charleston Coliseum & Performing Arts Center
443,"Richmond, VA, US","John Mayer with Phillip Phillips at Richmond Coliseum (December 13, 2013)",37.5446732,-77.4344705,0.438232,2013-12-13,19:00:00,Richmond Coliseum
444,"Baltimore, MD, US","John Mayer with Born and Phillip Phillips at Royal Farms Arena (December 14, 2013)",39.2884951,-76.6186943,0.438232,2013-12-14,19:00:00,Royal Farms Arena
445,"Bridgeport, CT, US","John Mayer with Phillip Phillips and Born at Webster Bank Arena at Harbor Yard (December 16, 2013)",41.1715988,-73.1876249,0.438232,2013-12-16,19:00:00,Webster Bank Arena at Harbor Yard
446,"Brooklyn, NY, US","John Mayer with Phillip Phillips at Barclays Center (December 17, 2013)",40.6834879,-73.9760265,0.438232,2013-12-17,19:00:00,Barclays Center
447,"Los Angeles, CA, US","Crosby, Stills & Nash with John Mayer, Don Felder, Brandi Carlile, and 2 more… at The Theatre at Ace Hotel (April 5, 2014)",34.0415219,-118.2568454,0.406883,2014-04-05,19:30:00,The Theatre at Ace Hotel
448,"Los Angeles, CA, US",Made in America Festival 2014,34.0547,-118.24282,0.739801,2014-08-30,12:00:00,Grand Park
449,"Atlanta, GA, US",Music Midtown 2014,33.78424,-84.36399,0.893867,2014-09-19,None,Piedmont Park
450,"Highland Park, IL, US","John Mayer with Food Network, Phillip Phillips, Twin Forks, and 2 more… at Ravinia Pavilion (September 20, 2014)",42.1594804,-87.7732562,0.438232,2014-09-20,19:00:00,Ravinia Pavilion
451,"San Francisco, CA, US","James Hetfield and Sammy Hagar with Melissa Etheridge, Tommy Lee, and 3 more… at The Fillmore (May 15, 2016)",37.7842566,-122.4332961,0.404234,2016-05-15,20:00:00,The Fillmore
452,"East Troy, WI, US","Dead & Company, Mickey Hart, Bill Kreutzmann, John Mayer, and 3 more… at Alpine Valley Music Theatre (July 9, 2016)",42.8098138,-88.4258219,0.402572,2016-07-09,19:30:00,Alpine Valley Music Theatre
453,"East Troy, WI, US","Dead & Company, Mickey Hart, Bill Kreutzmann, John Mayer, and 3 more… at Alpine Valley Music Theatre (July 10, 2016)",42.8098138,-88.4258219,0.402572,2016-07-10,19:30:00,Alpine Valley Music Theatre
454,"New York, NY, US",Roots Picnic 2016,40.75485,-73.98412,0.402736,2016-10-01,13:00:00,Bryant Park
455,"Albany, NY, US","John Mayer with The Record Company at Times Union Center (March 31, 2017)",42.64834,-73.753957,0.410646,2017-03-31,19:30:00,Times Union Center
456,"New York, NY, US","John Mayer and The Record Company at Madison Square Garden (April 5, 2017)",40.7497096,-73.991556,0.402105,2017-04-05,19:30:00,Madison Square Garden
457,"Washington, DC, US","John Mayer and The Record Company at Verizon Center (April 6, 2017)",38.8975641,-77.0210577,0.410544,2017-04-06,19:30:00,Verizon Center
458,"Philadelphia, PA, US","John Mayer and The Record Company at Wells Fargo Center (April 7, 2017)",39.9042715,-75.1713324,0.410532,2017-04-07,19:30:00,Wells Fargo Center
459,"Boston, MA, US","John Mayer and The Record Company at TD Garden (April 9, 2017)",42.3661881,-71.0621482,0.410498,2017-04-09,19:30:00,TD Garden
460,"Chicago, IL, US","John Mayer and The Record Company at United Center (April 11, 2017)",41.8812601,-87.674145,0.410466,2017-04-11,19:30:00,United Center
461,"Columbus, OH, US","John Mayer with LANY at Value City Arena, Schottenstein Center (April 12, 2017)",40.00801,-83.02491,0.403043,2017-04-12,19:30:00,"Value City Arena, Schottenstein Center"
462,"Kansas City, MO, US","John Mayer with LANY at Sprint Center (April 14, 2017)",39.09715,-94.58103,0.403043,2017-04-14,19:30:00,Sprint Center
463,"St. Paul, MN, US","John Mayer with LANY at Xcel Energy Center (April 15, 2017)",44.94344,-93.10015,0.403043,2017-04-15,19:30:00,Xcel Energy Center
464,"Inglewood, CA, US","John Mayer with LANY at The Forum (April 21, 2017)",33.9582,-118.34053,0.403043,2017-04-21,19:30:00,The Forum
465,"Las Vegas, NV, US","John Mayer with LANY at T-Mobile Arena (April 22, 2017)",36.10352,-115.17359,0.403043,2017-04-22,19:30:00,T-Mobile Arena
466,"Albuquerque, NM, US","John Mayer at Isleta Amphitheater (July 18, 2017)",34.993524,-106.63313,0.409465,2017-07-18,19:00:00,Isleta Amphitheater
467,"Denver, CO, US","John Mayer at Pepsi Center (July 19, 2017)",39.745565,-105.010476,0.409467,2017-07-19,19:00:00,Pepsi Center
468,"George, WA, US","John Mayer at Gorge Amphitheatre (July 21, 2017)",47.0959471,-119.9826336,0.409447,2017-07-21,19:00:00,Gorge Amphitheatre
469,"Portland, OR, US","John Mayer at The Moda Center (July 22, 2017)",45.5318596,-122.6668196,0.409431,2017-07-22,19:00:00,The Moda Center
470,"Anaheim, CA, US","John Mayer at Honda Center (July 25, 2017)",33.807723,-117.876522,0.409368,2017-07-25,19:00:00,Honda Center
471,"Sacramento, CA, US","John Mayer at Golden 1 Center (July 27, 2017)",38.580335,-121.500384,0.409364,2017-07-27,19:00:00,Golden 1 Center
472,"Mountain View, CA, US","John Mayer at Shoreline Amphitheatre (July 29, 2017)",37.4233243,-122.0780286,0.409308,2017-07-29,19:00:00,Shoreline Amphitheatre
473,"Inglewood, CA, US","John Mayer at The Forum (July 30, 2017)",33.9582047,-118.3405316,0.409293,2017-07-30,19:00:00,The Forum
474,"Phoenix, AZ, US","John Mayer at Talking Stick Resort Arena (August 1, 2017)",33.445899,-112.071313,0.40928,2017-08-01,19:00:00,Talking Stick Resort Arena
475,"San Antonio, TX, US","John Mayer at AT&T Center (August 3, 2017)",29.4270165,-98.4373167,0.409256,2017-08-03,19:00:00,AT&T Center
476,"Dallas, TX, US","John Mayer at American Airlines Center (August 5, 2017)",32.790442,-96.810159,0.409259,2017-08-05,19:00:00,American Airlines Center
477,"The Woodlands, TX, US","John Mayer at Cynthia Woods Mitchell Pavilion (August 6, 2017)",30.161593,-95.464029,0.409235,2017-08-06,19:00:00,Cynthia Woods Mitchell Pavilion
478,"Nashville, TN, US","John Mayer at Bridgestone Arena (August 8, 2017)",36.159949,-86.77857,0.409228,2017-08-08,19:00:00,Bridgestone Arena
479,"New Orleans, LA, US","John Mayer at Smoothie King Center (August 9, 2017)",29.948996,-90.0798292,0.409218,2017-08-09,19:00:00,Smoothie King Center
480,"Sunrise, FL, US","John Mayer at BB&T Center (August 12, 2017)",26.155362,-80.33023,0.409231,2017-08-12,19:00:00,BB&T Center
481,"Tampa, FL, US","John Mayer at Amalie Arena (August 13, 2017)",27.9425879,-82.4519634,0.409197,2017-08-13,19:00:00,Amalie Arena
482,"Charlotte, NC, US","John Mayer at PNC Music Pavilion (August 15, 2017)",35.327362,-80.7106699,0.409162,2017-08-15,19:00:00,PNC Music Pavilion
483,"Raleigh, NC, US","John Mayer at Coastal Credit Union Music Park at Walnut Creek (August 16, 2017)",35.7493881,-78.5763028,0.409148,2017-08-16,19:00:00,Coastal Credit Union Music Park at Walnut Creek
484,"Camden, NJ, US","Dawes with John Mayer at BB&T Pavilion (August 18, 2017)",40.0177386,-75.0004321,0.403529,2017-08-18,19:30:00,BB&T Pavilion
485,"Holmdel, NJ, US","John Mayer and Dawes at PNC Bank Arts Center (August 19, 2017)",39.9830657,-74.2135086,0.403529,2017-08-19,19:00:00,PNC Bank Arts Center
486,"Hartford, CT, US","John Mayer and Dawes at Xfinity Theatre (August 20, 2017)",41.7801718,-72.6693191,0.403529,2017-08-20,19:00:00,Xfinity Theatre
487,"Syracuse, NY, US","Dawes with John Mayer at St. Joseph’s Health Amphitheater at Lakeview (August 22, 2017)",43.0885803,-76.2229695,0.401559,2017-08-22,19:00:00,St. Joseph’s Health Amphitheater at Lakeview
488,"Wantagh, NY, US","Dawes with John Mayer at Northwell Health at Jones Beach Theater (August 23, 2017)",40.6011406,-73.502518,0.403529,2017-08-23,19:00:00,Northwell Health at Jones Beach Theater
489,"Bristow, VA, US","John Mayer and Dawes at Jiffy Lube Live (August 25, 2017)",38.786011,-77.587845,0.403529,2017-08-25,19:00:00,Jiffy Lube Live
490,"Cincinnati, OH, US","John Mayer with Dawes at Riverbend Music Center (August 26, 2017)",39.052082,-84.416862,0.403529,2017-08-26,None,Riverbend Music Center
491,"Darien Center, NY, US","Dawes with John Mayer at Darien Lake Performing Arts Center (August 27, 2017)",42.9131989,-78.3894454,0.403529,2017-08-27,19:30:00,Darien Lake Performing Arts Center
492,"Cuyahoga Falls, OH, US","John Mayer with Dawes at Blossom Music Center (August 30, 2017)",41.1913469,-81.5607834,0.403529,2017-08-30,19:30:00,Blossom Music Center
493,"Clarkston, MI, US","John Mayer with Dawes at DTE Energy Music Theatre (September 1, 2017)",42.7510124,-83.380305,0.403529,2017-09-01,None,DTE Energy Music Theatre
494,"Tinley Park, IL, US","Dawes with John Mayer at Hollywood Casino Amphitheatre (September 2, 2017)",41.5426102,-87.7711529,0.403529,2017-09-02,19:00:00,Hollywood Casino Amphitheatre
495,"Noblesville, IN, US","John Mayer with Dawes at Ruoff Mortgage Music Center (September 3, 2017)",40.0049812,-85.9309888,0.402453,2017-09-03,None,Ruoff Mortgage Music Center
496,"Inglewood, CA, US","Dave Chappelle and John Mayer with DJ TRAUMA at The Forum (December 31, 2017)",33.9582,-118.34053,0.402516,2017-12-31,21:00:00,The Forum
497,"San Francisco, CA, US","John Mayer and Matt Nathanson at The Masonic (January 11, 2018)",37.7911829,-122.412938,0.40161,2018-01-11,19:00:00,The Masonic
